/*
 Navicat Premium Dump SQL

 Source Server         : PG_YUANQI
 Source Server Type    : PostgreSQL
 Source Server Version : 140020 (140020)
 Source Host           : 127.0.0.1:54321
 Source Catalog        : facetrack
 Source Schema         : public

 Target Server Type    : PostgreSQL
 Target Server Version : 140020 (140020)
 File Encoding         : 65001

 Date: 11/02/2026 17:55:24
*/


-- ----------------------------
-- Sequence structure for camera_mapping_id_seq
-- ----------------------------
DROP SEQUENCE IF EXISTS "public"."camera_mapping_id_seq";
CREATE SEQUENCE "public"."camera_mapping_id_seq" 
INCREMENT 1
MINVALUE  1
MAXVALUE 9223372036854775807
START 1
CACHE 1;

-- ----------------------------
-- Sequence structure for face_cameras_id_seq
-- ----------------------------
DROP SEQUENCE IF EXISTS "public"."face_cameras_id_seq";
CREATE SEQUENCE "public"."face_cameras_id_seq" 
INCREMENT 1
MINVALUE  1
MAXVALUE 9223372036854775807
START 1
CACHE 1;

-- ----------------------------
-- Sequence structure for record_cameras_id_seq
-- ----------------------------
DROP SEQUENCE IF EXISTS "public"."record_cameras_id_seq";
CREATE SEQUENCE "public"."record_cameras_id_seq" 
INCREMENT 1
MINVALUE  1
MAXVALUE 9223372036854775807
START 1
CACHE 1;

-- ----------------------------
-- Sequence structure for track_records_id_seq
-- ----------------------------
DROP SEQUENCE IF EXISTS "public"."track_records_id_seq";
CREATE SEQUENCE "public"."track_records_id_seq" 
INCREMENT 1
MINVALUE  1
MAXVALUE 9223372036854775807
START 1
CACHE 1;

-- ----------------------------
-- Table structure for camera_mapping
-- ----------------------------
DROP TABLE IF EXISTS "public"."camera_mapping";
CREATE TABLE "public"."camera_mapping" (
  "id" int8 NOT NULL DEFAULT nextval('camera_mapping_id_seq'::regclass),
  "face_camera_id" int8 NOT NULL,
  "record_camera_id" int8 NOT NULL
)
;

-- ----------------------------
-- Records of camera_mapping
-- ----------------------------
INSERT INTO "public"."camera_mapping" VALUES (3, 1, 57);
INSERT INTO "public"."camera_mapping" VALUES (4, 2, 57);
INSERT INTO "public"."camera_mapping" VALUES (5, 3, 57);
INSERT INTO "public"."camera_mapping" VALUES (6, 4, 57);
INSERT INTO "public"."camera_mapping" VALUES (7, 5, 79);
INSERT INTO "public"."camera_mapping" VALUES (8, 8, 79);
INSERT INTO "public"."camera_mapping" VALUES (9, 6, 70);
INSERT INTO "public"."camera_mapping" VALUES (10, 7, 70);
INSERT INTO "public"."camera_mapping" VALUES (11, 9, 25);
INSERT INTO "public"."camera_mapping" VALUES (12, 10, 25);
INSERT INTO "public"."camera_mapping" VALUES (13, 11, 25);
INSERT INTO "public"."camera_mapping" VALUES (14, 12, 25);
INSERT INTO "public"."camera_mapping" VALUES (15, 15, 56);
INSERT INTO "public"."camera_mapping" VALUES (16, 16, 56);
INSERT INTO "public"."camera_mapping" VALUES (17, 17, 32);
INSERT INTO "public"."camera_mapping" VALUES (18, 13, 32);
INSERT INTO "public"."camera_mapping" VALUES (19, 14, 59);
INSERT INTO "public"."camera_mapping" VALUES (20, 18, 56);
INSERT INTO "public"."camera_mapping" VALUES (21, 19, 58);
INSERT INTO "public"."camera_mapping" VALUES (22, 20, 80);
INSERT INTO "public"."camera_mapping" VALUES (23, 21, 41);
INSERT INTO "public"."camera_mapping" VALUES (24, 22, 35);
INSERT INTO "public"."camera_mapping" VALUES (25, 23, 27);
INSERT INTO "public"."camera_mapping" VALUES (27, 25, 14);
INSERT INTO "public"."camera_mapping" VALUES (28, 26, 27);
INSERT INTO "public"."camera_mapping" VALUES (29, 27, 55);
INSERT INTO "public"."camera_mapping" VALUES (30, 28, 49);
INSERT INTO "public"."camera_mapping" VALUES (26, 24, 45);
INSERT INTO "public"."camera_mapping" VALUES (32, 29, 38);
INSERT INTO "public"."camera_mapping" VALUES (33, 30, 33);
INSERT INTO "public"."camera_mapping" VALUES (34, 31, 36);
INSERT INTO "public"."camera_mapping" VALUES (35, 32, 24);
INSERT INTO "public"."camera_mapping" VALUES (36, 33, 51);
INSERT INTO "public"."camera_mapping" VALUES (37, 34, 63);
INSERT INTO "public"."camera_mapping" VALUES (38, 35, 7);
INSERT INTO "public"."camera_mapping" VALUES (39, 36, 20);
INSERT INTO "public"."camera_mapping" VALUES (40, 37, 9);
INSERT INTO "public"."camera_mapping" VALUES (41, 38, 4);
INSERT INTO "public"."camera_mapping" VALUES (42, 39, 8);
INSERT INTO "public"."camera_mapping" VALUES (43, 40, 11);
INSERT INTO "public"."camera_mapping" VALUES (44, 41, 23);
INSERT INTO "public"."camera_mapping" VALUES (45, 42, 75);
INSERT INTO "public"."camera_mapping" VALUES (46, 43, 15);
INSERT INTO "public"."camera_mapping" VALUES (47, 44, 21);
INSERT INTO "public"."camera_mapping" VALUES (48, 45, 10);
INSERT INTO "public"."camera_mapping" VALUES (49, 46, 6);

-- ----------------------------
-- Table structure for face_cameras
-- ----------------------------
DROP TABLE IF EXISTS "public"."face_cameras";
CREATE TABLE "public"."face_cameras" (
  "id" int8 NOT NULL DEFAULT nextval('face_cameras_id_seq'::regclass),
  "camera_ip" text COLLATE "pg_catalog"."default" NOT NULL,
  "description" text COLLATE "pg_catalog"."default",
  "created_at" timestamptz(6) NOT NULL DEFAULT now()
)
;

-- ----------------------------
-- Records of face_cameras
-- ----------------------------
INSERT INTO "public"."face_cameras" VALUES (2, '50.139.157.4', '登记大厅定位3', '2026-02-05 12:28:11.298167+08');
INSERT INTO "public"."face_cameras" VALUES (3, '50.139.157.5', '登记大厅定位1', '2026-02-05 12:28:11.310801+08');
INSERT INTO "public"."face_cameras" VALUES (4, '50.139.157.6', '登记大厅定位4', '2026-02-05 12:28:11.320785+08');
INSERT INTO "public"."face_cameras" VALUES (5, '50.139.157.7', '信息采集2', '2026-02-05 12:28:11.329637+08');
INSERT INTO "public"."face_cameras" VALUES (6, '50.139.157.8', '人身安全检查1', '2026-02-05 12:28:11.338364+08');
INSERT INTO "public"."face_cameras" VALUES (7, '50.139.157.9', '人身安全检查2', '2026-02-05 12:28:11.347158+08');
INSERT INTO "public"."face_cameras" VALUES (8, '50.139.157.10', '信息采集1', '2026-02-05 12:28:11.355618+08');
INSERT INTO "public"."face_cameras" VALUES (9, '50.139.157.11', '医疗区1', '2026-02-05 12:28:11.363426+08');
INSERT INTO "public"."face_cameras" VALUES (10, '50.139.157.12', '医疗区2', '2026-02-05 12:28:11.371622+08');
INSERT INTO "public"."face_cameras" VALUES (11, '50.139.157.13', '医疗区3', '2026-02-05 12:28:11.380051+08');
INSERT INTO "public"."face_cameras" VALUES (12, '50.139.157.14', '医疗区4', '2026-02-05 12:28:11.388822+08');
INSERT INTO "public"."face_cameras" VALUES (13, '50.139.157.15', '走廊4', '2026-02-05 12:28:11.396863+08');
INSERT INTO "public"."face_cameras" VALUES (14, '50.139.157.16', '走廊6', '2026-02-05 12:28:11.405621+08');
INSERT INTO "public"."face_cameras" VALUES (15, '50.139.157.17', '走廊1', '2026-02-05 12:28:11.414166+08');
INSERT INTO "public"."face_cameras" VALUES (16, '50.139.157.18', '走廊3', '2026-02-05 12:28:11.42227+08');
INSERT INTO "public"."face_cameras" VALUES (17, '50.139.157.19', '走廊2', '2026-02-05 12:28:11.429911+08');
INSERT INTO "public"."face_cameras" VALUES (18, '50.139.157.20', '走廊5', '2026-02-05 12:28:11.439207+08');
INSERT INTO "public"."face_cameras" VALUES (19, '50.139.157.21', '侯问室门内', '2026-02-05 12:28:11.448019+08');
INSERT INTO "public"."face_cameras" VALUES (20, '50.139.157.22', '卫生间外定位', '2026-02-05 12:28:11.456659+08');
INSERT INTO "public"."face_cameras" VALUES (21, '50.139.157.23', '特殊侯问室厅', '2026-02-05 12:28:11.466156+08');
INSERT INTO "public"."face_cameras" VALUES (22, '50.139.157.24', '侯问室4', '2026-02-05 12:28:11.475275+08');
INSERT INTO "public"."face_cameras" VALUES (26, '50.139.157.28', '侯问室2', '2026-02-05 12:28:11.507854+08');
INSERT INTO "public"."face_cameras" VALUES (27, '50.139.157.29', '走廊7', '2026-02-05 12:28:11.515567+08');
INSERT INTO "public"."face_cameras" VALUES (28, '50.139.157.30', '走廊8', '2026-02-05 12:28:11.522186+08');
INSERT INTO "public"."face_cameras" VALUES (33, '50.139.157.35', '侯问室北墙', '2026-02-05 12:28:11.559359+08');
INSERT INTO "public"."face_cameras" VALUES (34, '50.139.157.36', '辨认室定位1', '2026-02-05 12:28:11.5676+08');
INSERT INTO "public"."face_cameras" VALUES (35, '50.139.157.37', '107讯问室', '2026-02-05 12:28:11.575086+08');
INSERT INTO "public"."face_cameras" VALUES (36, '50.139.157.38', '109讯问室', '2026-02-05 12:28:11.581905+08');
INSERT INTO "public"."face_cameras" VALUES (37, '50.139.157.39', '111讯问室', '2026-02-05 12:28:11.588611+08');
INSERT INTO "public"."face_cameras" VALUES (38, '50.139.157.40', '113讯问室', '2026-02-05 12:28:11.595327+08');
INSERT INTO "public"."face_cameras" VALUES (39, '50.139.157.41', '108询问室', '2026-02-05 12:28:11.603554+08');
INSERT INTO "public"."face_cameras" VALUES (40, '50.139.157.42', '110询问室行政案件快速处理', '2026-02-05 12:28:11.610804+08');
INSERT INTO "public"."face_cameras" VALUES (41, '50.139.157.43', '112询问室', '2026-02-05 12:28:11.618135+08');
INSERT INTO "public"."face_cameras" VALUES (42, '50.139.157.44', '114询问室定位', '2026-02-05 12:28:11.625372+08');
INSERT INTO "public"."face_cameras" VALUES (43, '50.139.157.45', '116讯问室定位', '2026-02-05 12:28:11.632841+08');
INSERT INTO "public"."face_cameras" VALUES (44, '50.139.157.46', '115讯问室', '2026-02-05 12:28:11.640051+08');
INSERT INTO "public"."face_cameras" VALUES (45, '50.139.157.47', '118特殊讯问室', '2026-02-05 12:28:11.646868+08');
INSERT INTO "public"."face_cameras" VALUES (46, '50.139.157.48', '117讯问室', '2026-02-05 12:28:11.653971+08');
INSERT INTO "public"."face_cameras" VALUES (47, '50.139.157.49', '女卫生间', '2026-02-05 12:28:11.661436+08');
INSERT INTO "public"."face_cameras" VALUES (48, '50.139.157.50', '卫生间定位2', '2026-02-05 12:28:11.669157+08');
INSERT INTO "public"."face_cameras" VALUES (1, '50.139.157.3', '登记大厅定位2', '2026-02-10 14:42:24.436074+08');
INSERT INTO "public"."face_cameras" VALUES (23, '50.139.157.25', '特殊侯问室2', '2026-02-05 12:28:11.483744+08');
INSERT INTO "public"."face_cameras" VALUES (24, '50.139.157.26', '特殊侯问室3', '2026-02-05 12:28:11.492184+08');
INSERT INTO "public"."face_cameras" VALUES (25, '50.139.157.27', '特殊侯问室1', '2026-02-05 12:28:11.500214+08');
INSERT INTO "public"."face_cameras" VALUES (29, '50.139.157.31', '侯问室3', '2026-02-05 12:28:11.529668+08');
INSERT INTO "public"."face_cameras" VALUES (30, '50.139.157.32', '侯问室6', '2026-02-05 12:28:11.537039+08');
INSERT INTO "public"."face_cameras" VALUES (31, '50.139.157.33', '侯问室4', '2026-02-05 12:28:11.544419+08');
INSERT INTO "public"."face_cameras" VALUES (32, '50.139.157.34', '侯问室2', '2026-02-05 12:28:11.551988+08');

-- ----------------------------
-- Table structure for face_persons
-- ----------------------------
DROP TABLE IF EXISTS "public"."face_persons";
CREATE TABLE "public"."face_persons" (
  "id" uuid NOT NULL,
  "user_name" text COLLATE "pg_catalog"."default" NOT NULL,
  "ip" text COLLATE "pg_catalog"."default" NOT NULL,
  "description" text COLLATE "pg_catalog"."default",
  "image_base64" text COLLATE "pg_catalog"."default",
  "face_vector" float4[],
  "created_at" timestamptz(6) NOT NULL DEFAULT now()
)
;

-- ----------------------------
-- Records of face_persons
-- ----------------------------
INSERT INTO "public"."face_persons" VALUES ('b6fa7504-2073-4d35-8f6a-f8b483e970e5', '李响&11', '', '嫌疑人', 'data:image/jpeg;base64,/9j/4AAQSkZJRgABAQAAAQABAAD/4gHYSUNDX1BST0ZJTEUAAQEAAAHIAAAAAAQwAABtbnRyUkdCIFhZWiAAAAAAAAAAAAAAAABhY3NwAAAAAAAAAAAAAAAAAAAAAAAAAAAAAAAAAAAAAQAA9tYAAQAAAADTLQAAAAAAAAAAAAAAAAAAAAAAAAAAAAAAAAAAAAAAAAAAAAAAAAAAAAAAAAAAAAAAAAAAAAlkZXNjAAAA8AAAACRyWFlaAAABFAAAABRnWFlaAAABKAAAABRiWFlaAAABPAAAABR3dHB0AAABUAAAABRyVFJDAAABZAAAAChnVFJDAAABZAAAAChiVFJDAAABZAAAAChjcHJ0AAABjAAAADxtbHVjAAAAAAAAAAEAAAAMZW5VUwAAAAgAAAAcAHMAUgBHAEJYWVogAAAAAAAAb6IAADj1AAADkFhZWiAAAAAAAABimQAAt4UAABjaWFlaIAAAAAAAACSgAAAPhAAAts9YWVogAAAAAAAA9tYAAQAAAADTLXBhcmEAAAAAAAQAAAACZmYAAPKnAAANWQAAE9AAAApbAAAAAAAAAABtbHVjAAAAAAAAAAEAAAAMZW5VUwAAACAAAAAcAEcAbwBvAGcAbABlACAASQBuAGMALgAgADIAMAAxADb/2wBDAAMCAgICAgMCAgIDAwMDBAYEBAQEBAgGBgUGCQgKCgkICQkKDA8MCgsOCwkJDRENDg8QEBEQCgwSExIQEw8QEBD/2wBDAQMDAwQDBAgEBAgQCwkLEBAQEBAQEBAQEBAQEBAQEBAQEBAQEBAQEBAQEBAQEBAQEBAQEBAQEBAQEBAQEBAQEBD/wAARCAHgAoADASIAAhEBAxEB/8QAHQAAAAcBAQEAAAAAAAAAAAAAAQIDBAUGBwAICf/EAFUQAAECBAQCBgYGBwQHBgQHAAECAwAEBREGEiExB0ETIlFhcYEIFDKRobEVI0JSYsEkM3KCkrLRFkNT4Rc0Y3OiwvAJJTVUk/FFg6OzGERGZHSE0//EABkBAQEBAQEBAAAAAAAAAAAAAAABAgMEBf/EACkRAQEBAAICAgICAgICAwAAAAABEQIhEjEDQRNRBGEicTKBBaEUQrH/2gAMAwEAAhEDEQA/AMRVizjPTx+l4MUsDf8ARHR56Xgn+mDGMgq1QwYUlO/WWj5pj0yMp1J1jlttuDrJSoc7i8Y8oXjHnCW4/wAughM9hidQefRrQr5kRMSvHjB7gvNNz0sfxsXt/CTG1TNAoc6LTVGknv8AeMJV8xERNcMsATd/WMJUxRO5SwlN/daHlC8elBluMWApggfTyEHsW2tPzESkvxGwXMWLWJZA7bvAfOJaa4H8NZq6lYdbQT9x1Y/OIia9HDhzMXLTM9Lk/wCHMafEGLsqyJSXxJQ5r/VqtKOfsPJP5w/bnpdw9WYQrS+iooU16LOFlqzyden2rbZ0IX8gIj3PRkn5ZZNLxq40OVm1oI9yobE8a1NEy2b2WmFQ83oAsRkY4G8TZNWaQx0pQTsFTTov77wmvh3x4k/9VxAl1IOn6Qg3/iEXZ6TLe2x9Mm9yQYVS4NtIxMU70iqab+qtzSU/ebaXf+FQMOG8VcbZH/X8HNv20OSXdT8QSILnJtCHL84VS4BpcRjjfFLHMuQmd4fzItvkWofNMOk8ZpxogTmDKoi/3Mp+ZEVc5fproUO0QcL5xlDXG6ihVpuk1aX7SqVKwP4SYkJXjTgtw9epOM33DzDiLe9MRO/uNLSsb3gwcB0MUqU4oYLmwOhxJIEnkXkg/GJiUxPRJ0D1WpSzgP3Hkn5RU8k+FhJJBhF5xNr3hmmosKsUupP714F6cYLZOYA9l4i6TmXkILToAIQ4m5PYdPzh+0oJWlQ5xBzSkPsONZxcpNu420MO5Se6VtCiRdQB1MF1PEBQuRvCak22huzOdWxMKesNkWJBMVALF9hpCKkjYgAwtnQRpCalJva+sAQi2gEFtzgSbk2OkdfS28CZQAaa9sdpqYEgd2kdvBQbDSAIuNRtA7aQBN7gamATUBbQawQnlB1f9CEzvBBFXF4TV4Qoo27zBFWG8AnY7k6QkvU6awqbHyhMg67QCCxdRAhJWhNoWVvoYTWkbwCCgN72MJLAykgd8LKBJ0MJr2sRtANVjthFY+7e8OHAYSVsde+AbEHYwRWpNoVVcacoSVbaATIJN4KbW0gyvGAtodQIgTN7DNyhJV7WPKFyPswkbG9xtFT2QVa20EJJ025QsoA2tCZCdb7wCZFjYwBEGWOV/jAHfSBSZ3OmkEUNdb3EKG58BCZzWuTe8DPoQjTeCG3LSDkiC9+0AQntME0vcGDq3gpF9IIA684KN94Eg7QFuZiL2AknyghA11N4OLdtoKoAi+99oqCKvawBgiwOUH6wFgdO+CnfUQUQ76wCgnzgxAIJAhMjeCBPn4wmsb3OnKDKCrWvaCqCstyqCiEAW11O8FUE7HWDKAGo1MEOpvBCTklJvDK7KtL5aoBhjMYYoL4IcpjHkm3yiTNrWvAG2X2oLqtTWA8PO6Il3Gjb7Lh/OI17hvKC3q9SeSTt0iQflaLnoRe+sEUTpA1n0zw1nyQpusNW5pLX+cMJrhzV2+s0uVfNu0i/vEaaq2txvCROgEElYvU8FYra6rFEQu41KHEm3xiDdwvjBrrLokzYfdTf5R6CUNb3tBFI0J0sYL03JFSmk6ofcHdeHCa3Op2fUfGIPp+Z5QYPCxUecefWlgTiKeTYFST4iF04nmUg3Q2ryisl8EXv8IMl4WGusL2TVqRifYLYvfsMLIxJLHdpYioB4A7wYPaXJ8YSi5ivyRHWWpPiIWRVpBW0wNudxFHDwJ0VB0vja9rd0XTe16E9KKtlmG/eIVS62bkLSfAxQhMGwF4MmaWDYLV74amr7mB1GsdfSw5xR0VCYQbpmHB+8YcN1udQOrMK87H5w1VwuFcu6AUltz22kK/aSD84qzeIZ4A5lpPimF0Ymmb2U02oeGsa8l9XpNPUmkTN/WaTJuX7WE/0iLmsBYQmzdygywv9xGWBRidI9uW0tyVDhGI5I9VSHkKv2A/nEl1bys+0BNcH8BTZuqlKb/YXb5iIWc9HnBEySphyYZVvcoQr8hF/TXKcr+8UPFMKpqtOVa00jz0jXmaytfABUqSqj4zn5bsSlTiAP4V/lEVUuE3FqSANHx05NJB/VuPajzWNffG3ommHfYdbPgoQcnS4se8RfKp1fbz27SfSDo46RMuicSkckNrv/CbmIs8Q+L1DSE1TBTi0I0JVLPN/GxEemEkfaTpygpAO6TaL5Jkebpb0h6hKqyVTCb6Mu/Rvg/ApETMn6SWF1/65Tqmwf92lQ+Bv8I3F6nU6bGWZkJd4f7RpKvnEZN4DwXPgicwpSHb7lUk2T77RdkTFAkfSC4bzNkuVl2XJ/wAaVdT8ctosEnxQ4f1LKZTGFJWVfZM0hJHkSCIJP8CeFtQv0mFm2Sf/AC8w618EqAiCnPRl4czIswqpyvcmYCh/xJJhLFxeWa9SZoXlanKu3/w3kq+RhymbQoXC0nzjJZr0VcPHWQxTPy55ZmUL+RTEXNejRi+ROagcR3E5dkq6eX+KFq+UXYZW5JmUnmIMHk330jz+OFvpFUdV5DGCZhCdrVAuk+TyPzhRP/4nqSLLp7c8hPa0wsn+AgxWbK3wugwHSDXsjBFcSePVJBNT4bOuhO5TIP6+aSoQkj0lKtIHJiLATksoGxyzRQf4Vti3viL3+m/KWITJjIZL0lMHzKQZuk1iXvuehQ4PelX5RLy3HrhxM6KqzzJ7HZVwW9wMXE3Gikg6iE19sVKU4scPJ6yZfGFLClbJcmEoPuUQYnpWt0ieQHJKpS0wg7Fp1Kx8DEWWHuoO0EXtew1gin030VtBVOi9iIAFW5QmdARBisbGClQ5awTYTItcmCLGYQcm5vygpIvoNoKbON6m0ILFhrDty2trXhusDtgYbKSbk8oTUm502hwRfQwmUga2gG60C3fCREOFJhNSeQMEIrHYYTUCQdYVgqhvYEwUgrTS+8EtYmFVanvEJnmdbxAmRuRvCetoVKtdBBCADtpFSik6QnYgd2sKE3+ze8FKQNjbnEUiU2NhuIKrv3hU2zePOCLy7CKhKwINhBcoBvaFbC1+yC212gEySICwHWEHUnW/OCka2ttEBPGAsLaXMD7QjrW5RU0QgixJ8YTUTfaFleEIqTc84AtxzFu+CGDEb66wGgGo1gpNR1IUTBFkbKvaFbcjvBFAW2vE0wmoWGhgDcecCoAC2wgpvFQBIA7oTJF4ObDS8EJtoYKKqCX5bwbfQCCKHIJggq7nVMJnS14MR3naCKteKnYNT5wmo66b8rQZSgQbbwmsgWufdCFaKKmm24vB01BJOqhpFLFUN9VH3wsmqnfNePNJHTtcvpBJ5j3wYTqb7jWKcmr/AIjCoqxFrLiLi3ifTYa6wdM4g/aioIqtxYKvfvhUVXtV8YRFsE0n7wg4mk81XirJqw1BVCqKqi1wu8Xsq0etEmxtpAiaud4rqKogkde1++FBUwD7cSLf7WETCVX12gwmU8yIgBU02HW3g6J8E+1DPuidS+CM19OyDh6xuDcxCCoJsNfjCgnRawO+8VJUuH9b3g4eJO94hxOJFgFQoJ0J1zQ01Kh43IvB/WL211iKTNbnN8YOJrQG/wAYKk/WLXvrCqZx1JGVxSR3ExEpmdbk384OJoc7XEUSyapOJHVmXB+8YWRXqgNpg+YB+cQfrAA1OvjBg+jygLG3iWfTYq6NQ70/0hZOKXbgLlmiB2Ei8VcP30v8YP0w2CuUWUWtOJ2t1S3uVCicSyJ9tp1J8AfzioB8XHWv3XgweFtwfOEF1RWqYo2MzlNvtIMKioyKtRONeZt84owePb8YEPm/tfGNeVF+Q9LOi7T7avBYMKKRYDWM+6e2v5wq3OOt+w8tPgow2nS95V20BhNxCXRkcbSscwoXHxinprlSbsEzzhFrDrXhVOI6igAl8E/iSIakS03hTDM+LzmHKa8TuVyqD+UQ03wl4bTwvMYOpw720lv+UiHacUzdrKaaV5HWFU4pSdVyo8lxfLFVCoejzwznblqmzcqTzamlEDyXmitzvosYZKi7S8Qz8uo7FbaF2/hyxrCcUSh6pl3E9tiDCicQ0xSshW4kjtQfyizkMUc9HLF0nrReI7zdtgvpUD/hUYYTHCr0g6Yc9JxqzMhOw9dUSfJ1BHxj0EmqU5zabbHibfOFEzUorRuZaJO1liHlqXPt5vLXpPUZdnKaKgkc1Ny7gP8AAoH4QRfETjnTSRUOHSnQndSZJ8X8wTHpULS4OqoKHcY4+H+cXUyPMCvSFxPT1EVrAa2bG5zLca/mRDiT9JygOqtO4eqDfey424PiUn4R6VWhDujiEkdhF4h5/B+E6qT9J4YpU0Vbl2TbUT5kRdJIx2W9ILh7Mfrpycl1Hk7KL0803h+1xl4dTABTiNhN9BnQtPzEXab4L8LpsEOYKpyM3+Egt/ykRCT3o3cKJwHJRpmWJ5szjgt7yYdFmmctxFwXOkJl8TU1RJ0SZhIJ8iYl2anJTQCmJplxKtihYI+EVOo+iXgiYBMjX6zLHkFlp1PxQD8Yr8x6I0zLrz0bHYaPLPJlJ/iSv8obDK1AuIOyhBFqTveMuX6PfF2n6UviA04lO2acfR+REMJnhx6SVMJLFQ9dCdR0c80v4OAQ6M5NcUQTcQitQSe+MYde9I2kE+uYanX0pHOTS98WjCP+lLibTdKvgp4ZTqTLPNfMGJId/ptCjmgt83bpGNs8fwzYVLDrzWtjldHyUBEvJ8eMIvn9Kanpa/NbOcD+AmLia0hRAVbaAv22inyvFnAc57NfZbJ/xQpHzESrGMsKzQHQ4hp678hMo/rDCVNbQRRtuNIjxiSiKHUqcsrX7LqTeBTVpN42bmEKHcqJJ2Ww8Ksg7YITfXt5QRLzbmoIt4wNxuDFT2Gw+1tBD4Qa4gvYYADcnSAI74MSL22gCBteB9CFN9DpBSD2wc2BhO/xgAUbaWvBMpve8KH/AN4IVAnqjQxFJruCdtuUEN4UIvz5Qko20igFDnfaCKNhvBza2sJqIuAbHxgE1EezyHOCk8juYMTfTeCX7iSIJ/sCiOXIQRRuI5RIJtpeC3O5PlA0VRI05QQkG+o03gVkA298JrUOyCCqURqNyNYKbnXaDG1iRCSlA6iKAUbabeUJr1Gp1ECTfUGElquSIi/RQF0WJSfdBs6iOcbA7g+iuHWVAJ7DaGruA6MrQBab9lo8nTv0ygOKA0gUvKtbeNKf4cyK9UTCkg/hhs5w2QEkNzKCbcwRFRQA6e2BD67jW1otz3D2ebUQlIV2FKoZu4GqiAcsu4TvprBcQImlJGi9YOmbWk2CjDx/CtQZJzMuDW3sGG66JNpG0EwHryxvCgn1DW/xhuulTiOqWyYKZGYR7Tar8o169FmHyaktIveDpqytidDrEWWnR7SFadogCFA6iJO/aYnBVOeaDoqvV9uK/nN7coMHLDUxZMRZU1bTRXxhUVZI3VfWKqHVd8GS+sGxUYTKeltFVBOivKFU1Ufe0MU9E0sbKIg4nlgaKhv0q5JqmY6qt5wqKmCm+a9opYn1gb/GFEVNQ5kRcxJF0RUU39q/jBxUUn7Qimpqa76KMKIqatOse+HvtVyTUE31UPfBxOpI1Jinpqh+9CqKrtdUExbRNp5neFBNpsQFbxUxVQbXVzhVNVBAOYwItAmtPasIMJm6tFRWk1QGwKoOmpJvcqv3xoWP1gHnBvWLczaK+KiNLEQcVEAjrGIJ71nn2Qb1m5FzvEEKgDYlRg30ikAawMTgmCeekd6xa4iGE+CfaGsH9eudLRNv2dJcPjTeBD43MRCZ0W1sTBvXAkRRLB8QPT6bkRFetpO2hgUzYO50EBKiYKDmSojvEKpqUwgDLMOjnooxD+tAjfSB9ZSTzgJ1Fbn0bTKzbtsYWTiCeGvSpV4pEV4TA3zXgUvpOt4unpZkYlmswu00Rz3BhYYmF7LlufJUVQTGu8D0x3JhtFwRiWUPtNOC/hCqK/TlHrLUL9qYpfrAva4geny6nQRbUXdNZpyjf1pCewK6vzhZM5LOJBS+g37FCKJ057dIAP63B8ITlDF/Dja9lg+cCoI7vhFCE04nZahbsMKpqU0j2JlxP7xtDVWyZpdNnElE3T5Z8HcONJVf3iK9UOFPDWqEmewNRHFH7Qk0IV70gGEkVyeSbiYUfEAwsjEM6PaKFeIi7hqvTvo78JJs6YZVLk/4M06kDwGa3wiEnPRX4bTB/Rn6xK9gRMpV/MkxoScSzA9pls+FxCicSJBBXL+46w8jtjFR9EGjOnPTcZzjPYH5Rt23mkpiCe9FDGkgSujcQZZQGoCmnmT4aLVHolGI5Q3zIWPKFU12nqNi4rX8Jh5Ht5uRwU4+Ukn1PE0m+kbATijf+NEc9hb0lacm/wBGsTgGv1bsuon4gx6UTVZFV/0hI8dIOibl3LFDzZP7UXyTI8qTNd49Um4qGAptWXcppzjl/NskQyVxhxvIZvpXBTrWXfpGnmP50x676RBPtjXvjilC9CAR36xdTxjyQ3x/ZSB65h91s88roPzAh41x6w84R00nONX0JyBXyMen5qhUOcuJujyL4O/SSyFfMRCTnC7hvUQfXMDUNZ7RItpPvABh5Q8YxKR4v4PnLBc84zf/ABGVpHvtaLBKYsw3Oi8tWpJZPLp03914uE16PvCqZJUjDapY/wD7ebeQPcFW+EQ056MPDqaOZp6qMH8MwlX8ySYbDxN0T8o6fqZppX7KwYHpEjQLHvhhMeirh8KJkMVVKXPLM2hfyyxGzXow4glxekcQnCfuuIdb+KVn5Q2J43E+p1FrE/GCZk8jeKe/wG4vSRvJ4mZfA2tPua+S0W+MM1YE9ICkqsiV9cSOxxld/iDFPGr0Rqe+CHYmKQuZ4101NpzAcy9bdSJZah70ExEz3EvFtLv9L4Odlgm+YrDjZHkpH5wLL+mknaCqJ3TGWy/HOkLUEztPmUHnksv8xE7KcWsHzSQTOuNabOMqEE3Pa3qUSbneCKPlFfRxDwc/7NelU3++rL84eS+IaDOEGWq8o7fbI8k/nFRIqFvaJPhBFK7BCSZqXXql5Ckk20VeDgoV7KgfOIOufCEr6FN+/aDrUnthFa79kAUwmq4ve8GKk7k6wmoJtcKuRrFPt6Scpk4kay6/dCKpR5Gimlfwxd7jawgbNn2kAx5vB21RSyRuk+EFLQPKL2pmWULFpB8oSNPkFm5lUe6HgKQG7DtgOivuPhFzXRqasH6ixPYYSVhyRUNCtOnbEnGruKgpkW0QD5QmZNk3uykj9mLarC7OpRMq8xCSsMLJ6swk+ULxpKqK6PIO6rk2vHKIbOYbpKyf0JINtxpFwXhubFspQrzhBdAqKToxmHaFCF436WdKa9g+lrAshafBV4auYFp69UuOd1wP6RdlUudSMqpVzT8JhIyjqdC0sW7QYmYuqI5w+l1Xs+nvuiGb/DpZ/VOtEW7xGhlvtTa0B0Y1MO9S1lznD6fBIDYNr+ysfnDR3A9Tbv8AozniBeNa6JIgC2OY0hqdfbG14Un0e0y4LfgMN1USabCklNj3i0bWWudoIqWbX7TaTpzEXdXq1iK6XNe10fLlzhIyUzf9SfKNrcpFPd1XJMqt2oEN14bpSr/oaBfXTSEv7LIxsyz6NC2qC9cD2T7o11zCVJUdGVJ8FGGjuB5BV8j7gvyIBtGtTGWgnXeBCjbvjR3cAtn2JhB7i3/nDV7h+4NQWVeFxDyi+KhpcV26QZL6wDYnWLa9gSbSCUsX/ZUL/GGb2DZ9sE+rveQv8okp4q+JlYtrBhOLGhVEm7hedbH6py/egw0XQppOlwLdsbTKSE+q5ub+cG+klc9hBFUmbSTZA174IqnTY1LZsIkiHKamq3tHXvg6Kmofb5c4jVSswkWKCOzSCqbdANwRF+kS6aoRoVQoKsds0QV1DmbwXpF9ph/sWJNV55hCiaqOZ+MVkuLF+sYL6y4k2uo2hBaxVQdAqFBVerbNrFSE0tIteB9eWBuffAXAVRJ+2IOmppUdxFOFQX974wZNSI3VAkXNNSTyUIN9Ijcke+KcKoQbX+MGFVOgzH3wwXJM9f7UKCdSd1xT01Y62X8YOmrX+2ffAW8TqeahrBhOJJ9oRUk1UX3PvhVNW00V8YC1ibGnWg3rdrgH3xVk1YX9qFBVBb2vjEFnEzpYERwmb6XiuoqaOZ+MKJqSTqFmKmLB6xpa97wYTAI74gU1IH7V4UTUBbRQgqcL6baGO6cdxiHFQB2PxgyZ1PM/GAly+DaxgQ91jyvEUJxNgSYN64ncGGiVDwOyoHp9faiME0PvQYTKTrcCIJP1lSTYLIg6Z6ZR7L6h+9ET6xrcqgfWNPa5dsUTSarOJ1EwrzN4VTXJ1JsHAfERAh4iDB/TUkecNFhRiKZSLKSg98KJxGu1iwk27DaK104BuCY4vg87Xgi1JxE1e62VeRhQV6UULqChfuipB/Qawbp+w/GEFwTWJJQt0oF+0QoKjJqIvMIHiYpYf7PnBkvAbnwvDVxdkzEu5ol1B84FfQrGoQodhFxFLD5Nhe3nBhNuN9UOKt4xdFhnMP4eqAPr1DkJi+/SS6FX94iGm+FPDaeSRMYJo6s29pVKfkBCSKlMp2fWAPxQqmsziRo+fEw8j7QM96PHCGduDhJDJPNiZeb+S7RXp70U+HD5KpKerUlfYNzKVgfxpJ+MaIK5OAXK0Ed4hUYgdsLtJPba8PMY7MeiZT0a03HdTZPIOMpV/KUxHvejLjmUBVSeJCCR7KXmnEX8woxvCK8lXWLJ98Kisy6yMyVCL5pY83zXBLjzTxmkq9TZ4DsmSCfJaAPjEY9g/wBIWmaO4ZE2kc0LaV8l3j1Smoyqtc5HjCgm2FH2xF808Xkhyf4u0w/948N59QG5bl3CPeAYYv8AEqrSJtU8Gz8qRvnQpNv4gI9ihxo/aBgXA06nK4kLTsQRcRfI8ZF9gwJGsI5jt2QdKgbi8c1QdZlq/wCs9LTao0yhQ9hxnOPeCIZocxegauSTx7QVJ/IxZnmulRbnyiOSSy5lI0Jse4xFRSqrixq+elIct9x5P52hJeMatLC81h6fSB9xAX/KTFjGtwq1jA5EHZIMVmYrSeJMijSYl5tjt6WWcQPiIVb4l4dXvU5dJBtZTgHziwertKBCmknyhJ6h0qZH6RIMOfttg/OLJavUMWcbUh63RTzKs3MLBh83iGTWLpeQb/iiPmOHmDpy5ew7IEnchhIPvAiLd4P4TUrNLfSMorl6tUHmwPIKt8IuVL/takVmWXs4NYVFQlVaFSYqTfCroTmlMW1dtVrJ6RxLg+KdYRf4cY2QpKpDGbJy/Zekc1/MLELFi59NIO6KS2fECCqlaarXoW/IARSEYM41NKCZNzD9Q/addlyf+FY+MFfpnHWnj6/hyJoj/wApUmlg+GYJPwiWL2Tr9Ir9HM7itvELT9NlJlPTU4y1lIZJAuHAdbA398W+TpdNnpZEw0VWWAoWMV+gT05X/pLCuJKHNUuouMZXpWZAz2IOUixIIPW1B5QPDWdmWqc7Q55R9ZpTy5Ry51ISeqfNNjE8cdL6liwrw2wRZDyhbtF4SVhlX2ZgHxETYVcXJgQeYheMYnJXF4bnE3KVoUeWtoQXQqgi5LQUO5Q1i15ja0ALHWHiapy6dOp9qSeHgm/yhHoF7Fh1P7SCPnF3G9wY4hF9RcQvA8oo/Qq1GUwRTRHIxelMsr9pAPkISVIyqjYy7f8ACIngbFJ6HUmChm52i5ro8iq/6Om/O2kIqoEkTolYv33h406VBTI7LwmuTbXYLbBHeItysOSpByuLHjrCS8Ng6oft3FMPGxdU5dFp7l88iyq/4BDdzDlLc3lQP2TaLivDsynRLiD7xCK6BOp2SlQtyMPHTVKdwlTVHRLg/ehq7gqUJOWYcHiAYvK6NPJ1LCj4aw3XT5lu6lMLFvwxPElUF7AiST0b6O66IYu4DeIJT0JPKxI0jRiwRqb77wkWCOVodxd/pmT2BJ0XKWEqt91Yhm7gufRtJva8wQY1dTRNyYIWRvC6dMddwvNouQ08LdrZho5QZhvqqNrxtSmLC8EXKNkaoBv3Q06YgqkTaTayTfvhFVOnEEksk+GsbY5TJNftyjRJ7UCGy8PUlwdaSbHLqjL8rRdqdMZVLTA1U2oeUJFDoOoOndGwOYRpKjcMrSe5ZI+MNXcF09RulbifcYjWRkylLSfZIgOkWBvaNPewHKqupD4vfQKbG0MH+HqySW3WV32BBT/WLOUMUEPrvorWOTNuCxKjeLi7w9nADkbQfBeo+ENXMBz6TowsnuIN4anj1quJnV81GBFQUBvEs7g+oISVGXfA2H1ZPyhi5h6abJzXHcpJHzizE8aSRUl7ZoVRUldp7oRVSJm2dIv2WMFNNnEaFkwMPE1RW1z4Qomq6WzRFKlZpBJU0rs2hNTbwNshETUxPJqhGueFE1U9sV0ZwLEEQHTLAOu8WwxaEVRWhK9DCqat+K8VQPuWsFGDJmljUmH+xbk1X8UKpqiQbXvFQTOruBfyg3ryxqFWhDFvFTF94UTUk23N4poqSxurXwg30oQR1oC6Co5tSbQcVAW0XpFL+lVDTMbwoiqEAdeExFyTPJtcLgwnRYdaKgiqG3twqKppYKiUWwTo5KhQTg5q15xUhVfxwo3VSSOvAWsTSe+0GEyCAB8YrIqY5qhVFUtYX5xffZixCZ7NIEzAP2jEEKmDba0HFQTpcDthO0xNh29xeDhw7A7REtzgURlO8OWniTbnFw9pDpORMGC1C1jDZCwTl90Lt6kDeIpw2VEjWFwISaGUajfaHCEG4h/YMm8KpItYjwgqU31g+QciTACFKsDyg6XFpA65ggBJy8hB8ptpoYC8IqCTsqF26gjmoaxibGLccNgCYwrOJPik/Iw9Yx1iJAs/hueTb/Z3v7oz+SblWcOX02tiYQtIsoeEJzjFwXEDQ7xl9N4juNOJM5TpxkX1K2VAfKNJoNbkq5Jh6VdS4kjkYs5S+jLPYzKzbKdSNNYcoUNrecNX2lMvXJ0Go7xCgc7AYfbPs4OghZlQUIZh4EWMGadym1943KmJBFtiIOEj/oQ3bmADbSHCHUqttG2aXbT3DWFUpN4I0oEQ8lGS66lHabQFjwfI3dM04AUo28YsjzLUwk509XsGl4YyKBKMNyrWmgzHvhdTwWtLQPV2V3Rne3WT6ZdxYohpU5R8cy0vcyDwkZ1y3ttKILaj56fvRQ6tKpw/xEROslIksRS3Sosdnkb+9Kh/CY9C4kkKfWqFPUGacSWp+XU3fcpXuk+RjztiCUnZ3AoqAQfpXC02FOo3OVBssDxTmt5Rjlcsrtwmy8F0aN0jwg+lrW0hlSJpE7IszLSgpLiAoG/IiH1o08+O32jtRA2sLx0AHPvgQBe1o6xO3KAF79kU+xha9vlA2sNNTHZOd45OmpERcDtrpAd5geVtfCDAWtr3xcQXKDoEmACLXuIV13tHWNosQjkN9o5SLGxGkLZQNbRxTBNN+jtyEFLY5phzl0tCZHbBTYsNndI17RCKpKWJ1ZR/DDxW97wU22EFMVUyRVfNLo17oQXQ6er+7IJ7DEkUjSClPfEslNQy8OShPVW4PMf0hFeG0HVEwdORTE6Rr4wGWwtCyLuK45hqY3S82R33Bhq7QJ5J0QhQHIH+sWwi8EWDbWJ4w8lQXR5xI/UHytCCqdNp/wDy6/4Yudte+CkAHaJ4rOX7Uhcs4n22ym3aISKL6Wi4zzrcvLOPr0DaSo+UeeuE9Rm8V8SaxUW33jJtOOOn61RSouLOXS9tgeUPBfLpqfRX5awBa7E/CLeKdKKT1pdF7dkEVR5JRP1eXloYXgmqh0N+VvKCmXQfsA+Ii1KoUoq+q0nuMJLoDf2XTr3RPCkqqqpso7+slWzftQIbuUGmLJKpJryTFsVh9waofSdeYMJGhTIJAKCPGHjYvkpzuFaU5qGCn9lZ/rDRzBVOUSUrdQDyuP6Rd1UabF/qviISVTZoDVgxPGr5KE5gRg3s/fs6gho9w/JHUcaJ702jQzJPDdpXuhJUuoEXQfC0Satus1c4fzIvZttWlxZX+UM3MDTiB/q6r9ygY1ToD3wUs8iBaL2ayNzB082rrS7o/dvDOYw3OsnVpd+9BjZuhBGogqmEE+yO/SJ2dVh66NNWJSASIbrpk2kEqbvG5rk5dei2kHtuL3hs5Raa4STJMm+p6g1htOmIqlZq2rShCZbeTulQ8o2lzDNIduDJoAPYbQ0dwdSHP7laewhZibTIyDM6NwrTugemcAuCdY1R7AtNN+jedAPI2P5Qzd4fMHVEynbm3/nDaTjGbiYctvB0zTiTe+sXl7h1qVNutnnsRDRzh7Ng3AQR3K/yizkeHarJnFCyiowcVBQFwfCJmdwNVm2yWZZS1DYAiIV7DVfaPXpU0Lcggn5QS8b9FUVJR8YfS0ytZBKrxFs0uoocKHZJ9FvvNkflEvJyrgsFIKfER0nTGVKyqybXO8SrBuRaI+VZKRtaJSXa2A1gHbI02PbD5hJuDb4Q3ZbuADraJBtu1tYiDIbB7ocIRfQwVtAEKjsBhihyADQ/CDJTpodYFI6upgwFj2CIC2000/OOUrLudxAk5eyGky+Eg3iWq0oSUutN+iQodtgYBmQknV9H6ugn9mPMLdc9ILhcoGfl3alJtnrFaS4LeI1+EaXw89JvDVbfbp2IpQ06dUbWULAnu5R061ntscvhKmToyvSLZB7BaKziLCzvD6ot16lhZpkwoJmWxr0ZP2o0OgVmlVZpL9OmW3Um2x1ETk3TZOryLkhOICm3QQbi/KF4ym2KG2tqfk0vMqzXSFJIhpZSDbX+kNJaWmsGVxWG55RMs6SuTcPNP3b90TUwylabptlV8IxZi/6MgCoabwYtK7Dfxg6AEKKFEAjSHCcpA7e6NSbGdw1GdJB3hZC1X7IchlNthCjUukqCcu8aQk3NLQLXB8YkKbVjLvpdUAQnWI55oF1ZQTa9hElTKK7NNdIm9rwJ7TZxdfZNjHN4rCEm99ed4Y/2cevbLeA/s1MX8YmRdsLNV5tycKrhPSgoUe7l8bRWVJlpXGTzdRDaZCvS6mnUk2QHwLXPj1fjFgOFpom6U3MQmMaJMmQVmR9fKlL6AoaKt87i4heM5TGuPO8OU5KpgRb8imdw1OK+vpEyuW3vmbBu2oeKCmLdyjPZfFErPY5bqErLqYROspk5lBSEgPtjqqHcpOb+GNEbAUm8T17a55vQOXfA274PYa6QGUm9tIMCjMNBaBvzNoMU63EAATygOFoEJ7DbtgMpGo3g9ucUrsttiY4DmYEAkQZIuBaCOSi0HS3zhVpvMRD9iQW6NEn3RYiODFzoDaAUxYkWid+iHRrkIghpTl/YMVlAqZI1ubQmtFt4nXKatCblO0R78tlJBG0FRikHUiCEGHa0ZdbQ3WBfaC6QN7QB8IOuwgnbBQKItfsgnnAnXSCxByoBVjuYG+9zBSDe97wUUi+pgih2wZXiYIVW35QFG4yV0Ye4fVaeC8iyz0KDfXMvqi3vijejLh8SeEXKytuzlSfU4D+AdVI8NCfOIv0ra5MOSlGwlIrPSz8x0ikj7QHVSD+8oHyjXcAUFrDuF6dSGRZMrLob8bC14osw1FoCBuOyOuDpEQUi4teAtpbnA6DeOJ84oLbkdbQAAAJMHgNB5wBMt9eyOyEwe3IwAJ1AgaTIF7kQCmGiNUg37oVIJ2jso2PnENNVSUurdtPuhJVLkyTZgAd0PigWvBSBeGQ2o80aUPsoI84RVQpa9wpY84liLQRQINzDIvkhV0FJPVeIHeLwgqhPDZxJ8rRPkE6neCa84eMXyqvKos0nbKezWElUedTp0QPgRFkIO8ATaJeEWc1VVTptI67CreF4TVKOJNlNqHlFtJghCCNQNYngefapFg7EQQs8htFsW20r+7T7oRVKSqjcsp90TwXyVfo+2ALII5C3bFlXTpRZB6O3gYSVSJZXslQ84zeJquKl03vYQmZRkq1aSfERYXKMNkPEd5EIrpSwdHEkc4eNXyiCVT5cpIDSduyI1pgJNrd0Wd+nuNIUpVrDfWIZDYzlQ5nSJxl9Vm3XNNBI01hyhAG0AhB00hYI07hG4yMhIteDpRpceV44JBGm0HG9xtDeljgm+5gSkCAUcm50hrMTIF+QjNuKCYmLA6xFzD6lqIJ0gX31KJAMN0sOTLoQ2Mx2iLJjcVNLyFE5LofaIsVBN/eIoOOuAmCscMqm5SWRT5/2m32BbrcrxeMLYik8R01E5KrGuik31SeYMSYbEu70iP1aj1h909sdsntjv0xrBOBcdYZcVTWqiouyqtCV7p5EX3EbphusVpiSQ3iFhsvDQOMm4PjfYxXceM19GGJyq4VU2mryTRfYzICg4E6qQR3gHziJpWJZ3FWHJKrMVV0NTbKXQEJSkpVbVJ05G4I7oejdXbGck3iWlltEspuaZ67DxULpUIq+Hat9IS6pSaSEzMuro3kHQhQixYdq6qnLFt7/AFiX6jg7ew+BiuYypjlDqTWKJFFml2ROJHZ97yiX9k66SbtIk3ldKtu6xz5wn9Dy+6FuJv8AdWRC8lMom2EutKBChcG+8OspAsDGc+1+zBMi4g9ScdHcdYcIbnmjduaQo/iRC+W25g1rDSFoYqan0nUtq8jrE7SsUGny6ZZ6llar6FLg18jDAgnnAFOukWWkWVvE7L4P/dsyk3FgEhXyMH+n5ZOvQvJ59ZsiKyhSh7KiCIWRPzrfszbo/eMN+xZWcVyjZuttwp5kIJgZyrYfrqmm2Ztovm7SmlaKKVcwDvY6xX01ipoN/WSodikg/lBV1SbcIWsNEg3uG0pJ8wAYspcYXxFoFWwjjFL0glRQtwO9GTocvWBHIGwKfCNaos43P09ibaUSh1tKwR2EXhHHjC8SSYW6y0h1pOXM2CMwvfXU84heH80WmJqhOKKjTni22o/abPWQfcbeIMb5WcuMsYnVxbxyjttBHc9NzAmOeNaCO8o7WOJtBHDWOvqLQIAte0DYX5Q3tXDwg6EgEa/CCgawolN4qH0kEki4EeiOEPCXDVYobGKK0l2aL6lBEv0hS2kJJTc5bEnQ6XtHniVSElJJ742PhbxfXhCTNGn5dU1IlZWgJVZbRO+W+hB3tGoS57bg9w2wM810KsNSiRawKAUq94N4qk3wGoT0900rVJliVOpaKAtQ8FHl4gxMyvGXAcyz0q6i+wq3sLllk+F0gj4wkzxnwa7OCWW5MtNHQPrb6vuBJt5QW+P2j5ngHhJ5kobqFRQu3tFTZHuyD5xj3FDhHVsD5aigonKU6Qj1lAsptZ2StPK/I3t4R6TbxrhF1sOoxJTsp2vMJHzMZnxv4k4bm8ITeHKPPsT0zNrbDhQbpbQlYUTfYnq8osLJjzBNpsoiGLgUIfTa86zDRQHOIz0bEHex1gpF4WUNYTItEUnbWE9QYVINtIIQIAup5wRRubQex15wHIjtgEzoPGE15QkqvCpGusMKvPNUynTE++oBEu0pxROgsBeA804kLmPfSMlqckdJKURSc/Z1BmP/ABKSPKPTEq2lphKBsBaPPno5yAruIcQY1eClLmXygFXao5z8Cn3R6JSkBNotMcR2QECRpAQAWvAW8oEiOMABvteO1Edrew+cdY9sCd0BOtoEAHeO7xBki+ltYJQBJ5GDpR2QqlsQolnNsmBuGuW4gC0TD4MK2CY7oD92Caj1ItyOphNXyh+4yoDUbQgtuw25wNMyk662IghGU66wupKu2EVjKdYKTVc7QW+hvAqVCanDr/WCjEjthIqPZHEmAUe8wHADsjrCA3GkAFam4tE7BuVgR3QAN9rQUKuc3fAKV36eMFCRmGqoSWUpFydBBlEBN4gKtUjMFUpLqsgaLV29wgEqnUVTjnRNEhtJ1P3obNoB3graDuNIXSmxuBGRyUnQQqASMoMAgE89IVsBCgLZb2gCrKm5gcwAuTDSYmUgEXv2RmrBZqZAiNemCo6mAffJJv3wSUlnp54IbTod4laA1LOTjqUNXJvbaLdR6O1JoClJBWecHpVHak2hlTdelyYkluJZFh7XyjM7W6z7BWMpbC86Oo6mXmFJDl1XA/Ft2W93cY3WXqMtMSzcwlYW24m4INxHmISMwE6KQrmAHBfa/wD1/mY0jhfieak1DD1ZQr1c3DLivskcvDUW8xyjfHlnVTlx1ssg+lVmFAlJHVJ5jsiiS9HGDsTzFCbaCKTWXFzcgobNPnV1nuueuP3uyLeZqVlg22p5QWrYlNx3EGFaxS5XElIXT5tRbcSQ4y8nRTTqdULSe4/0jcrPLjiAUp2jzqKvLpWrotH2069I3zFu0biLx0UjXaZbquy8y3vuCDFNo027UG3pGotdDUpFQZmW+RPJae1KhqPMcofYen10GofRb6rycyoli/8Adr5o8DuPONemc3qq9TFP4WrjuGJ4kNarlFnZTf3fKLYlQUkKEdxDwuuv0j16njLUZD66XVbU23HhGc0DjBhp0GQqdTl5OeYUW32HnAlSFjQ6GMXpZd9tIsDYwNrWEQEvjSgzaQpipS6x2pcBh61Xqa6AUzTZ8FCIqSANzfSOtcw0TUpNYsHgb98K+uS6tliHaFgNY4A9ugggmGVahQvBwtKrDMPIwy6OB7rwPK1o4kb38Y69+cUJvIS42pBFwRaKa4wih4plp9jN6tP3k3iR7LoGZHwCvhF2KQdthEPiSQTOYfn5eWQozqAmbliATdxs5gO7a1++N8L9JiWSSoXSYEpN72+MMqNUGqnTZaflzduYbStJ7iLxIb6AaRlRCLk/OBA5b3g1jex2jrG+0ARIN9NoPY7wawjt9b7QABJ3hQG2ogAbjaBuAdtYsSl2nDffeHLT5b+18YYAwdKxexEVMTCKqtAslR98H+l3L3z/ABiF6TW5Md0hIJJ1gziaXWXiDZZ98Rk3PLdvdR98IF0gWGkIrVzvBchF1RVqdISUoi14VX1toJa48IBEje0EO0KLFtxBCOUGsJq0gpIJg5EEUAdecAVVwbiC7mBIF7Aax1rQPQirHXsjMuP9ZFK4dVBhLgQufAlB1raL0Vr4XjTHCBqNe6PO3pIzT2IsUYXwDKLUDNPB18DcZlBKfgVnyEILzwGw8KHgCnDowlyaT6y4bakqNx8LCNLNgLqNhEVR0M06lsyzSMrLDYSCBYAAQ66VyZSnojlQrmRrb8oaYcBeYZtr6x3LYw0U8UJuh+5CigC18ygbEC3gYM246sXdsg9g1t584BwSNyoQUqFtYEFI1BJ8o69xcp0gexQb6wa8dZJ2gbQSOsecHbScwgB2Qq0CFbQKlqJRKhW55mnUyRempp9WRplpJUpR8B8TsBqdI2ui+izjB+VQ9U6hTZJ1QuWi4pxSe4lKbe4xV+BOLqPgzGbNRraCJZ5lcsp4JzdCVWsu29tLG3Ix7DkKpTapLInKbPy80w4LpcacCknzEDjJXlnE/o54woEouelWWqo02LrTJkqdA7kEAq8Bc90Mqb6P3EGqSqJtFB9WQsZkiZfQ2sjvSTmHmAY9WzuIqDTplmTn61Iy78wrK006+lK1nsAJuYkAQRcHSK14x4hxpwixlgyVM7W6OtqU5zDa0utp/aKScv71oz15poaoWFDa4MfQnFVYw/Q6DOT2J5iXap4aUl0PWs4CLZAD7ROwHOPn3U1S/rDnqqMjRUSlPYOUGbxxFunXS8NXFXvC7mqiL3huu9z3RAkrXcQRaeY08oUN73hNRJ3N+yB7FsYKYEq1HygCYLgNrawB03sYE6wQgBRGsQcdrQXugRvrfSIurVMS4LEuQXCNfwwUjWKnYqk2VG+y1Dl3RFNt2tAoQVHMrUmHCGx4RPZANti24hQJsbQKUjXnBwgk3tpaJo4J7SLQVasvPSDKISnU6QwmpmxNlaRnVDMTSQCNoi35i59rzjn3r76wrTqY9UHhpZvmYjchOSkJioO5UJNuZ5RcabSW5JsBKbnmYUkaezJtBttIFhv2ws6/YZEecSbemehnHw2nIjU23hqTmOZV7x1vfHW5xuTEtY2po31z33tb/rt+MAjMy6FNrWgjUKBIsf8Ar5doiTdemgbdMbW5i+kJ+sTSLrzNkkjUoHbfs7YxtdOo1vhpjROIZQUapukT7Cfq1KA+sA/Pt/zjQ5Jc2k/XtpBSdLcxHmCRrc7TJpudlghDrZBSQix0Fraf9fCPRPD7GcpiunA6Jm2gA6jnftjUu9M8p1p5iWlvktYqojCnp6RRldYQbetS+6m+zMN0356czHJTT6/TETko5mZmE523E6FJ/Ig+4iJ9vNKvZsv1Szrr7J7YqWI6fOYJm38T0iVXMUSaVnqcm3dSpZZOsw0kbj76R4jW9+n+3P2u2F6mZ+XVKThHrktZLv4xyWO4/O8ZHxT4UYapmJzi+boUvMyFSIRNgov0S+Su4dsXeSqSVGWrtImWnm1JC0OIUCl1s8v+ucXlMpTsX0NyWmUJdlptspseVx84XtZL7Ykngzw3qMs2tqgsNDKAFMjJcd9tzDN70e8FqP6JM1SUI/wZ1xP5xZqOidwhWnsG1hRJaOaUdUdHWr6W7SNBFsTZQBBvGdsVmjPAbDzKAGcaYzlVjcsVJK0n91xCoWHBydY/8P4v4kZ7BNSUu/8ALLGjWF9xHEa8oaM7/wBGfENgWkOLtNftsJyiLRfzQ4flCLuFeOklrK13BNQSNsz8xLk+9CrRpFrwOXuhp7ZepfHiRUQ/gikT2U7yVaQb+S0pMFONuJEh1qpworaANCphbLqfgu8alluNY7UaXMXRlyeLEw1pO4LxMwRv/wB1urt/ADDuj8Y8MTVakqa+uclX5l0MpbmZJ1kkq0scyRzjR0rWk3StQI7DBzOTfRqQl5VlC1jrCWSjOG8X0LBVdqGD6zPsya5d4vSqHlhGZhzrJKb8hcp8osMtjGhTSbs1GXUk7FLgN4kMaM0ipO0aeq9ApNQZmc0m+J2Rafs5a6DdaTa9lj3RGPcMeF03q5w5oCTzLEr0J/8ApkRqzvUn6STdbpy9UTCD5wumpSqv7xOvfFWmuDPDp4Wk6POSJ5er1SaQB5dJEQ/wSZQSaXjPEUmPsgTpct/6gVEklGiJnJdR0WNoUS80dc4jMmuEWLpdX6JxcqyB2TEoy6PglMO/9H/E+VN5PifTJobATFHUgnxKXTDE7aKFoP2xBsyTzGsZwaDxqlbluq4Tnbdqphkn/hVCLkzxwkTdzB1HnwNbSdXAPucQmNZUabYcjA6W21jKv7e8S5NVqjwjroA3VLvyzw/4XL/CFG+L8yybVLBOKZM/jpbqgPNIIhlGoDaAPyjN0cbcIoFpqafljzD0s42R45kiHUrxnwDNqCG8UU4K+6X0g+4mJiL4T3QRRH9YgJbHeGpq3Q1iUXfbK8k3h+1Xac6AUTTZv+IGAeFVzaAJsIRFQlF6h5Pvgwm5c7OCC+gqF9zBCIHpmjsoQCloAuTAgijroIIVJHYIMbk6bQRWUDW3nBRVFJ8fCCXBNoMtVhfMLDnDVU4zfKVkE6A2NvfA9gK1KddSAbI5+Ueeac4Md+kJUp0oBk6AAylY2zIGXU/tFf8ADG0VrEDVNkanPPvhtEuwt4EiwKUp1PwEYZwYadl6dP1+aeQhyrzqi4pRy3TclSiqx2KlDxhD/Te2VJnRnsegbPUAFgrv8IM89KyLT0zOPGzSOkOZdzrfTXwjMa7xzw1RM8m24iZLSDdSHA0yCNMouoXtcRmlb9Iujz7sw2+S8lDZQy0gjIpdj1vY1AB0uTreC/Tf5KZKZVpUqgTEwpA1zZWxprbtHftC4VPzDqVs+rJzDSyCSb9+sYTTPSDwrNtLD8/OFZQAGplCUAkC2qkEJI2JuOW0SVP4hPYpmSiWqGRJUlBTKrUQsajKAgH4gfkFiStxl/pRshmYmmbDYtI18Df5w7Q4UqJUC7awV94eUZrTKXR55wpl6lUn3kJuttbpBQfDQEf9b6RZ5GTXKHNLOuEZc2bN1xp/CrYaEAwX2trZaUnqWIMHF098RUhNOqTeZCdB7aRYX7xyiUQ4kno1aKt74M+yqE31PuhQKtp2QmL21MdmymCU8ZmnEHQxKyldmZYZmplaLixyqIv7or3SKvvpA9KdjBFiNddUrMXLknUk6mJ2S4o4yp7AYk8T1RhsCwS3NuJA8gYoBeJ/94Avm1j84pOllr+L63iBQXV6tNzqkG6TMPqct4ZibRWXncxveE3Xza14RU5eIAXoSomEVG9zB1E89dISUTbWDU6EVCahztChtvBCoEaQKKQILbmYOpQOloKbE6QAd94DT3wNuw6Qyqc83ItZibrPsJvuYjRGq1FEojo0EKdUNO7vivpCnFFa7lR1JMGJcmHFPOm6lG5hZCLakXiDkNjY6WhYC55RwHdB0pAIMLSChOU35QKlpSCTtArUEDUiI+ZmgkWv7oxrWCzU0NdYjH3r72jnnisnxh9SaK5OuB54WaHLtiKTpdJdnl51gpR84t8lJNSrYShIAGh0hWXlm5dtKUpCUgQDrmYlKRYfOGU/sV5zUpRtCVtCecDlBNjAkAHQRr0x79i2treOy6mD27RHW1vDTEx/o/wdMWyyjKdLAod15d/cIRd4T4WeuUsvJv8AdX3/AOfwHZFmOGaSpNkqdT5g298HGGpIAdHPvo8hDGrVLc4KUFxPUmpxBIte4PZ3dx98O8M8K3sLVUVOl1543NloWkWWLne3iPce2LcKM83+orrqSPvIuPnCrcrXGD9XWpdYvspqGYalmyt1sIfb1IsoDaH0g0tDSmXuskGyb809/wAoZyE3PoaCZpMg8sfaDpbv5ZTEdU0Y7cecVSZ2ltMKPVSVXUkeNtfdGt2Jn6LTLlDwXM9GzS5V1l4dKhkhILZJN+WgJ1tDjD+O/pWuKlJenIlWFtlQyquMwtFYbwHiSpvdPU6kznX7akqKj8bRdsNYJp9Ia+rzLfVotxR1Pd3CJrUn2T4g4PcxVSEz8itsVWn/AF0ssJ1V2oPjFOw/WFVGSSVgofbJbdbVuhY3BjZJaRcQEhOvhGdY1wbMUSuJxHS2CZWeIRONgaJXyX+UN2FmGoeJ33g4cvyhFCh2Wg4Kd+2MslQqBzcrwQW2g22ohAYeMcf/AGgBvAnwi6BsOcAReBSDHWjSGdVkFVGhz8i2kKeQkTMv2hxBChb3CC0aeZqdOYnWTdLyAoeYiRlV9DNNuqtlzWVfsOkQ1PkzRazU8PmwQw+X2ANuid6wt3A5h5RvfKCXyi28cQAd44DXtjut2RnEdkvtHFPdBiFW1O0BfW0FEyadkdYg8oUNuUdYb7QSkynTSCqQFaK1hWyjyjre8RrUM/o+UK+kMq0VA3CigX98N5ygUSopKKhR5GaSdw/LoX/MDEpkOo5wJbta5htRSZrg/wAK51RcmOHWHSo69IinNNr/AIkgH4wyd4J8N9TLUOYlFHYy1SmW7eQctGgKRa+kJqTaGqzd/gph8G9PxLiqSPLo6stYHksKiKqHCLFksnNh/ilWwr7s6GnE92zYMawpPae+AMNGJLwdx7kb+qYxpk4Bt0sskE/EQgp70i6Ybv0ejT6U8215SR4ZjG4KFjfthjUpyWkJdybnHktssDMtajYCIbGKTXFDivRkKXWOHD4bQCVONuLyDxJRb4xW6p6Uj0rLKCcOrU+NAFvANg+I38orvGfjk1W5tdLkWumYl1ZpeVUq7N7Gzjw+2eYQdO2MGqdTm6jMLm6jMLeec1KlHXwHIDuEEtbHN+lNjN1wKVISAQDcJbC9+XtqUPhBWvSwxiklFQolOm2DshTi0keYuPcBGFOzKlHqiEFBxZuTb5RU2tkxj6Q72KKXMU1nDwkTNAocWmcK7tqAzI9kaGwipT3FWrOURmhU5HqjLTWRVlk57kkk9t7xSehAN7G8ARbewgstEmph55ZdW4pSjuom5hmHClQOuumsOHAjXW8NXNDpbWBR86hqFdgHdDqn1aepzyX5KadaWk3ulRHwhioi22vOChR3tDUbjgLj9NU7JJ4sk/W0N2DE0yEoca8Rbre8R6QwRj/CWMpVDlNqDXrAAISF2eaP402BI7xHgVl4g7+AifotWn6fMtz9Mm3ZaaY1SttRSbdh7YLLnT6Iy61lZ6RSCq1rjZWmniYfMapyg3SACnW9u6PJ+CPSarTDYpNbppn5gkBstnKpzw/FF5Y9KCiSS8lWolUklE2s+zl+ZF4i63xCyobwa5vGNSvpN8PXSC7NTDV98zJI+F4l2PSB4bPkAYhZR+2lSfmIYNMKtdTaAz69sU6V4rYIngky2I5BeYbesJv84l5fFtEmbFqosLHc4DBEyVXO9oKpRVpeGKavIOaiYQT+1Cnr8qqxDoN4Bz3neCrAAuIRM0wdQ4Dyjg+kjqqF4AxItCZgc47YKey8FzQKI5QmqDE66GAvobwBSNOekFI1vfSBKuUJTMw1LNl5w2FoE7Jzk61JNFxzXkEjcmK0887Oul5068hyAg8xMOz7xdWLJv1U9ggzbeUWjO605tATt2QoBytApTB0p7Yh7cEjsgHFpQLQDjmS1oj5uaOtjE1qOmZoa2PxiLdeLhsk6xzrilqyp1vy7Yl6LQysiYmEmx1AMZq4So9EVMKExMDqjYRbWmG5dsCwCQNoBttDDYsAB2QRayvc6cosmnoK3FL0BsmCb6QIF47u5xfTPdBax8IG/vgct7QJAvEBQLwJFrjSBtbTYwHOIqY4e4y+n5RVOqI6OpyfUeQrQqtpmt8++LmlJI20jO8e4Um5GeRjXDSS3Ny3WmG0DR1I3Nhvpv2iLVhLFEniamNzksoBwDK63fVCuyOv+mfabKL8rdsFy20hW+mnOC7nsEZw0TKTsPODC4O5gwIEDoe6BooKxqlZEHTMTCNUvuD94wISALX1gQBztDIbRk1KpNm7c++nwcIgsxU6lNNFianXnGzulayRAFIgpQFaaRPZpv0Y+zBChQOhh0UAA2gMg56xQgCQdBaDBfIQcoBuANoDL3CJIOCiIHNAWgbCLihCtNIMFdsE0gwFhtFRyusCISxK20E0XEyDZxRVTJsnnzbJ8wR+9Ctu+Drp30zRqnR86s6mDMS4B0DyCFJNu24T7jF4gqTcA3g4UANffEfSJtM/IS82k/rWwq3ZpD3bfaCFLg6ae6OuNhvBL+6OBN94ppW6RBSRzFoBKjcxxVfWIDjKBaOCbagQAy76wdG1hFBg3fQC8KGXVb2T7ovfDDhXUuIj77zNRYkZKSUhL7i2ytaioEhKEgjkNyeY3jVJj0aqR6uUyeJ50PAaF5htSL+CbH4wTNeaywvU5T7oI4ydwI3SV9G7FJmHUTdWpCGQbNrQXFKUO0pygD3mIPGfAfGOHZByqSbbFWYaBU4iTzdKhIGqsihqPAk90XEysfWix1GsIKBsdNofuJTYL3B1hk4oC5IiGkVqSkEqUBpzjzF6SXFZxhX9laO71813De6Ui25tz7B3knlfesdV9qgYdnao+SEMNKWe02/zsPEiPAuLKnOVKqzNSn3Ct6cX06lE81ageAFgO6CyIKafDKCFvdItSipRO5JN7n/raIpbi1klRsDBplwlV7w0JUtVk31+EGSySCojtg+ZIB62ggiQEgi9zzMJPO7pTpysIKF2ZCRlSLw0W+tR6x17IVEs6vkbwYSLpTYi0F7NCo79sEvc3iRNKeKbgG0Gaos08sZGlK8BDUyoux2vAG4Gu0WE4XnEpzKbIv3RFzdNflyQtJuIbDxpk2o5tdbd0PZaZWheYcoYgFCrq0MKglMVlKl0OHNsQcyVA2IPdHo70f8Aj0XXZXAuNXQ6V2akpx0g5zeyW3L89gDz5x5jbdAAF9oVS90TgeQq2t99oNY+kLuGMNTgvNUGnTObUF2VbV8xEdMcLuHU4kpmcEUVV9/0JA+IAjPvRs4rzGO8PuYfrjyV1ekJSA5frTDB9lZ/ENj5HnG0nXmLxDWeT3AHhJPXK8IMtE82Jh5v4JWBENMejRw5vmpzlYp57WJ0m38YVGubDa5gu51gaxpz0cZJBvT8fYjaI2zv5re7LDZXAfF8sb0zi5VkW2DrZWP5420jWwgpHK+8FlYgrhvxzkE2p/EenzgG3rEuUk+NkmC/R3pF0wDWhz4A3Q4U399o28gbjTugMuhMBhhxPx8p4zTXD5mZAOvQTQJ8gLwH+lziHIf+LcLK0gJ3U0jOPGNxKQRCZQByEF6Yqj0i6TLf+LUOrSatrOSp38olZP0g8APpBeqZYPMOsrRb3iNPflpeYBS8y24DyWkKHxiHncD4Omwpc7hqludqlSyPnaB0hqRxYwPW5hErTsQyT76zZDSHQVqPcN4dz005UXc2obT7KbxBLwJgmXqzVTpWG5OXellXbdbQQQdrjW0TyGkjYRm0kwCEZBYQcAk2g+QAXBuYOlGytoigAIFzBXFBKSb2gXXAgXJiOmpoWIvbfnEtWAmZoJBsYjFuLeXlQL37IHM5MrDbdzeLFR6IloJdeAKjy7Ii+iFHonsvPi/MCLElCWUCw8BA5UNCwteCE876wkKBd1G5JgL6jSDXB3jrDfsjXpn2C2to63O0Gsk6gWgba9oiX0op0AgNje8Hy6XuPfCSgR3xncUOeC5r7DWAurYXhVpg5c6zZN9O0xn3V9ItniziVJs/IyToItayhf4xCUrE0zRsQPVinyIl2n9XZVC7oPbbz1HZEmvCCLXRMKHiIRVhKYBATMJ8xHTyxnr2tjPGKnW+vo80kjmlSTDtvi/hhdulZnmx2lm/yMUJeFqgn2VIMIKw3Uhr0SVeBieWGRqLXE3Br51qnRnT9Y0pP5RIM4zwtMaNV+SJ7C6B84xVyg1BO8mSewWMNnKTNJPXknAP2YeZ4x6CarNJe/VVKVcv915J/OHSJhpXsuoI30IMea3KepGvQLST3WgUdM2nqPTCFDTqrI+UXzh4vS1wTeB02uI84s1euS9uhrtRR/8A2Vn5mHzWNcYy5AbxFMqHLOEq+Yi+UPF6B0IsLG8FULqIEYa3xJxu1/8AE2nP2mE/lDpvi1i9tVlNyDnbmaUPkqGxMbOUkc4DVVrxkjfGavtj6+hyToH3XlJv8DDxrjWQAJnDax2luZB+aYbFytOUB7o614z1rjVRFGz9IqDfgEK/OHjXGHCC/wBaZ1r9pgn5XipZV1EDr2xVGuKeCHdPpfITyWysflD5jHWDpq3RYkkLnYKeCfnDCJ0abwZt96VX00u6UOBKkhQ5XFvzhg1WqRMW6CqSjl/uPpV8jDnpWlpOVxJB7CIs6RD0RQlJmbkEH6sOesMi+yHLmw8FZk+UTgOm8RVSalZWZp1SZcShZWqUfbJ3C7rSryUlX/qRIhYPOLy96FQeyBB1v2QQqAtaBzDnEBtNddYE2AhPNA5u2KhUC2t9IWQBfe0Ng5yHKDBzvgjQ+HHEip4CnFuySUPy0xl9Yl1myXLXsQfsqF9/hGvtekbQFshblBm0r5pDqCPfp8o8woeKTpCom3ALBVoEtj1NS/SDwlNEpqkpNyGuigOmTb93X4Q4q/H3AEhLLXIzM1PvZTlbRLLbBPeVgAfGPKHrzg+1BXZsubqMF8qVqk0JucmJvKlBfdW6Up2BUokgd2sRToCgdbQs69e/ZeEFlKoGsm46qcfw96pdXRLVmcQnUqbHVt/EoHyEeKcTPNGfmOiUSgOKSg9qRoD8I9y8YpcO4fnHVkhDcmsK20uT2+AjwXiB3NOrSnYE3gt9IR1WYknS8FaTYXvqYBw3N1GFWBnSO2DPsVZIQdINJShmnrZbgWJheZllNoQTpc2iewrIJVKPTCxcly3hYROXLJrfHjtw3+jC2kDLC7VNCyImFtXXYJ8IfytPukLKeUeflzr18PiiKkqIVmxTceEWmj02nyly6zcnTaDycrYgkaxJoYFtto5fkrtfinqo2qykmoAtIsTyinVamIWFKLY0i9Tcol06k35axEVOTSlopPZDzsul+OZjKanIhpRKRtEUrqqtrFwrMonMqwOkVSZQUOK7I9fDl5R8/wCTh40QXI05awqSlTR7oTbN7+EcHOR2jbmtvDLHNQwBi2RxFJLVaXXlfbH96yfbSRz018QI+hdGqkrXaTJ1qQXmlp1lL7ShspKhcGPmS0o9Ikg894+l+ApPCbvo18MsSYMxbSZyrvsOyFbkOlC32X0qWq5Qk3QEgAG4+0kjeLmkmpE+1eCwOp9oax1jppERwEFIHIW5QJNr3EAVc4LBTexgqrp227oFWmovAG51tAF7iYJzMHJ7oIdu+CikixuYg6pPGYUZdpX1YPWPb3Q7qEypQ6BknW+ZUR6GQCCYzasIIbsBYQqEiFMpFgOcAdD84neL9igAbwRxwIG8C88EA68oi5qctcXiVZAzc2OR+MRo6WadyNjMSeUChD067kQCbxZ6VR25VIUU3WdzGNUWj0ZMqAt1AzxMkIQOrvHEhAyJ84AXJsTvG5EtFOu8dlHKBIvqLwOU5e+LfSC2gba2gxA53gbjLYnWM2rAAi2nnBcwBta4gVWGmbS0FCSrbWJsUBWCNtIMhHSaAc4OiXJ6ylZU9sKFQAytXA5nmYmaO6JtnXLmUOXIRD4cmVzTM60+4VuSs8+0b8hnKkj+FSYmUoPIxD0NtUvX69LqFuleZmwO5TSUfNoxrE9rkqgs8nlQmrD690vjzEHFRTtnGvfBxURp1vjG+mezVVAmLXStJhNVDm0j9WDy0MSIqKQfbg4qAta8Tx402oRyjzidTLmEVU18bsLH7sWUTyDuoR3rrZHKJOMXVTckifaYIv2ohH1BpV0lhPb7MXL1lo7gGOzyqv7tB8oeJ5KSqjyLgKXJVG33YbOYdpqr3lUjw0tF+Dcir2mUG/dAGRpqjqwn4xPBfJnisK04jRtY1++YTXhCRUSUuuju0jRTSaYrXKRfsUYTNDkVbLUPOHjTyZs5g5vTJNLA70w2cwa9fqTQPZdMad/Z5gjqzCvMCE1Yc1uiYT5iLlJYytzCNQSTkW0R4kflCDmGKsg/qG123IVpGqqw4/clLrZ98N3MPzwBypQojkDE8avlGVuYfqo19SUR3WMILo88AQuQcHeURqiqLUE7y5tfkRCa6VODQyy/dCSmsmcp62z9ZKqT4oIgE9K0oBEw+0rfqrUk/Axqq6e8m5XLKv3phq5TmiLLlk+aYdwlUNnEFbakVyLdSdW0pYWlSznW2oEG6VHUbCF2cZYyl7dFiWb05LyL/mBi3LpMgo9aTa8kjSG68O0tR1k0eVxF8rS+0SxxNxuxYmqMu/7yWQfkBD1ri5i1uxdYp7vi0pN/cYM5halr6oaUn9lRhucIyV8qHXgB2m/5Q2xPaSZ4zVtJHT0SUc/ZdUn8jDxvjSq/6RhtQHaiZv8ANMVxWD0ZupOG3enWEXMITA/VzaCO9MXyTJ6XVrjPRz+votQR+z0av+YQ9Z4vYVcsHG59k/jlwfkTGbHCs+BotpVuVyIRdw7U27K6AKOuiVf1i+S+LW2uKeDlmyqktBP32Fj8octcRsHO6pr8qkfjJTb3iMUXR6kD1pFYtvsfzhFynTiL5pNwW/AYeTN4t7axhhqYFmcQU9R7phH9Yet1OTfGZibZc/ZcB+UeblSt/al1a9qDCXq7Asvowk7AjSLqTi9MleYZr6bC0FJtpzjzUlyYaB9XnphGv2HlJ+RhVFar7X6qvz6LbWmV/wBYbF8WucUJduawfXHl6Jl5F0722Tc/lHz1qdlPvOFJvc6R6YxhjDE0vhmopma9NvsLYUlxtxYUFgi1jfXWPNVWRledsBlKidIezxuIV1PWtbaJWjyfTuJBBNu6I5SMy7A3N4ueF6ekpStQBMOd8ZrXx8by5Yjq9J9A3LqyEAqNiIlMMJy0u9tFLUbnnrEniOmGZlmsiNGrq08IZ0ZxmVp3QvKA6Nat+wm8cJfLhjvZOPM/bbStwZRtEvK091woVqlI+zDCQqlHlrFx1IJ+cTklWKbMWLDouO+0ceXCvTw+SeodMyZbFra+ELhBGi0jTnBVziCLBV7iCJmBYEn4xzzOnbPsZUqVk3Av3xE1eWOQ2Go5Wh/MVVlkZVqFjpvDL6UpqkqBmUk7XJ+EXxtTlfGdqJWpJZBXYeUUmqMZVknS3dGqVVMlMZsi0qFr6GKHWpQXUEjnHp+LZ7eP5s5TYrLehuBAKsBaDqR0Syja0JL0J3j0PGMhQOxMb16I+LF0nHM1Q3VDoqpLEan+8QdLeRMYAgdaw3jTfR+UocWKAGyCpTy9O2zaj+V/KKl9Pfp1GgJEBuYIFCwt427INnF72iI6wvYwVRI8Y4rGgvBcw3BgrjodtIAkWsLXgCewwBNtb3gAVfeGs09ZJQj2jzg0zNttDKVdYxHrmAq5KvO8Z5XG5CakgXuYIs5doK4+gG2beEXHU9vxjHpShVlGvZDZ6YSi5vCExNhAIzCIecqQzWCtYB3Nzm4JhlLtP1B8NtAnXUwlKMzNUmMjQOW/WVF0pdJZkmgEpF7antibvpQUqjNSTYJAzcyREiopGiBtvaAKgQANhAa3uNLxqcc9pbrjvcx2p1gwsdCNBHAg6RagLEaXgxGY2gdAnUawQqHl4xnVcbJNidoKVWvcA3gNza8HQwtznZI5xNUVLalbCFkNoY1cN18k/wBY7MlPUZFzzV/SBDdzfUmLIWhJW4cy7W5AbQYIJH5QKE90KADcRcxN0VKbAd0RSElvFbp2D9Pb96HFf/6CJlKdbRET2RjFFLcUbesMTMuO89RYHuQr3RU7MxU5wHUJItB01d8aFGncqODCd+UAZcW2hZqSlU1ly/WSr3woiuW1IWLQ19XgTLpvb3QxT1FdHNRhQV1vm6IjPVRpppBVSupttDBMitovbpAfOFU1hHIj3xXVSgHLeEzKG+gIiZ9C1JqwNutYjvhVNWHJfxioBpwGwKh5wb6+wAWr3w7i9VcU1UG1l/GFRU03tnteKSFzSdA8qFBMzg2X8Iu2J0uwqafv/GDpqQFrqv5xSBPzgsDbSDpqk1zQDDtP9Lt9Ii/tfGDCpDt+MUj6YeToWz7476cUkXUhUXyMXkVFJ+1p4wYTyb6mKMivpB1Kh5QsnEDW/SHzENMXX11HaIAzDKh1kpPjFPFfaJuHQBCqa6gnRxJ84umLSpuQd9uXaVpbVIhNUlTV7yyO+2kV4VlI+0IUTWEnXMIde07TKqTTFXOTfsVBDQacrQLWP3ojU1Yfeg6asL6K+MLhtOVYdlrkomV92axt8oQXhtWYZJpBHemDpqqSPbB84MKqAb5vGGQ7hscOTFrpdbMIroE+D1UoUOdlRJpqfYse6B+kwTqRaGRNQq6HPjX1bNY8lD+sIqpc2NFSq7D8JixCpI+9A/SCDzEMXdVVyRcCTdhQA3umGztPaUD0ksjTSxTF09ebOukAZtle6Un3RMPJQVUanKsfUWdDtkG8NXcNUtVyZYC/YSI0RfqLlgqWaP7o0hIylMUSTLN3O+kPFZyYZxToEjJ4Iqcwy2vpEoBR1rjQ3PwBjzLPkOtoWdAoWBj23xUw3I1LA9XQ00UuIl3XEgE6kIULW848TLQstmXuCpIvblcaH5Rc+2pd6RsrKlUzYiL3Q20SzAWR7PIQ3VhZqhUCSqFcYnkz9ZlPXZBhoouphaT0LpG+VRCu+w2guFKI3V5NM5UZh50lSglvpClCQCRqAdTod4z8k2dt/Hbx5ZnaWnpxJYOd1tII2KgDFUqKUqUQzOtgXtZKwR8I0RmkUqRQOikmG9NbIAhCZdkEXSehR3EgRynOcfTvfit7rNXJRbYs7MNWJ0ssG2njCtPeMsslubStR06qotk5NSK+onoye0WiLelpaYRkcYacRe+VSAR8Y3565z4svVTFMqay2kOLuUgDWJFU+MpKV207Yq1OlGJOqyrKnX2pOZbcKwhPSFtSbWygkaG4Fr6RY3JShpSbVeoINjbNT0KB8w6Le4xw58Zbr2fHzuYhKvNOOlSQfDWKtMNzqlXQpRCezYRKMoXV+leeedbQHFIQ2jqnqkglR335CHTVApQOZ1tShfXO6pXzMduN48Zlef5ON+S9elaT9KoXmRnIHeYVWH303cQc53i3JpGHMmsqi57zDR2kUjMr1cvN30KEPLA914v5JXL8PKKLP09WbPaxHdEU+2pHK0aC/hxbgV0dQeTuR0iQ4B3cj8YqtUpc4zMsyD7aOkfWEtKSqyVEkDntqR746Sy+nPnwvH2g8pFlAxd+D9XTQeJNArDjSnUSk0VKQnQkFtaTbv61/KKtUaTOUt0NTjQs4CW1pUClQBsbEdhEWHhlKOzuN6TLsNFai8TlHMZTF37c817Ya4wYfUAX5KoNnl9UFfIw5Z4s4PV7c1NNH8csv8gYzhyh1NvRUivTssYbO02dQbLpz4I/2ZI+EcPy11/HGts8R8GP6prrKSf8RKkfMQ8axfhp4Xar0grwmEf1jDHpbJ+tlVJ/aRaG6mJfMQWhfYxZ8up4PQrdbpLurVTlF+DyT+cRuIcY0yhygWqZaW67cNoSoG/fpyjBlycve4SQR3wiuTTyWvTbWL+WJ4Y0tWOWXllxb1ye+O/tlL3H1w98ZYuUc3S6oecILYmkj9eruN4myrjXRiqWOpd+MN5jFjKUn62MjWuotjqzF/Ew0em6oTcuX84nVpjTZ3GDZuEuXO0K0BufxLNFLJIZSeu4dh3eMU7BWEqviqdSt0lqTbUOkd7e5PaY3yi0aUpMm1JyjIQ2gW03J7YoWplMl6ewlllFkgb8z4xIZrgAaWgug0AIjj3RqSRN1w15R1jvtHWsbXjs1hp5xdIHTYm0DcJOo+MEJAG+sJqcHbGdCil+MEzE8oBJzC14MHUpsGxdXb2RPa+hw2hsZnCf2RuYMFLdsCQlA2TBG0FZKlHXmYcIRbaNTizaFCNrQqEWHK8ClNraQcJ7TFAITobwbL5wdCFAbbwJHdziUggTy3EQ+IWVJmqPOBN/V6gm57Attxv5rETZNhtEfXEE04ry6tusuX7MriSfgDCe19mvQjaA6G3LSItGNcPKNnJhbZOgC2yIcpxVh1drVRkeNxG2TstciIAM899YImuUR32KlLKt/tBC7c9T3f1c2wrwWImApa5WgvQns0h2OjVqFJIPYYHICBYwPswUzblBSyQbxIKaSdbX8IL0IIFt+2FVHKZF/ZMD0Qt7MPFS+sCGbW5+UQMQzYagXjiyN7fCH/QDWALG/V3hD2YhlNjdMF6AW21iQLNgDBC2MuxihgWLja3lCZl905YkuiBHfBCzbkYIiVSwJuU6eEEMsLaC0SqmbjvhIsJ3OnfBUYZUHS3wgvqgvvp4RJlk7wBZ98VEYZZQ1Cj74AomBoFq98SXQWNrWtrBSyOy8BH5ptOocWYATU6g2zH3Q/LJGwghZvvD2GwqU4j7IMGFYmkpuW7+cK+rDsgipZJtpFTQiuODUoV5GOGILe0hYhMygtCS5UHl8IB6jELROUuEEdoMKivtHXphEIiUzOOabEDbug3qYToUwE4mvMn+/QT+1Bk11s7OJ074rxkgeWnhBDI6WEQWgVpNrhQ98HFZTzXFTMmQLBREJ+rvJ9lagPGKLNVakiZpsyyoghxlaTc6apMeIm5OZdn2GlJIcWsJUBrqo627tY9YzLU460tpDiiVgptHnPEVNfpFUVNSr5Cg+taXEj2esbWvEtx0+Phqz1+TRXp5E1KS625SUaakpNJJITLMoDbYF9tEg+JMGp9Jbo8khpoqKeuvrWJBK1EjTlrpFjpEqlNGlhYWS0lPuEJzUqhTFgdbn/KPHy+S7Y9/jx6qi16fqCypmRYUpW19hFNnpCrLQ4ubLodB6qU7HzjVV00DN1dTziKnKY5c3MXh8k4s/J8V5/bLZamzwmLuNvpSnc3ibo6Z7MpuaZUAPYWTfMO/4RZhRQpzMbkk3tCrsmllpSUoUVZTlyi5v3dpjpfk8o58PhvHso1JttMSvTJSOlK1i+5AygW7r5vdDqpS0umR6VKSO8iOk2Jqo1BDKmg23KtJZITci4JJIJ71W8os89Spdcj0ITrl7Y8/ydXHr+KdM5fl0JZYdYSjroGbKR7QJBJHaSIrdSmKi485LtNuIbTcdIOZ7otb7DsqhcoUDK06rpCQP1ZIKSDe9woK/ihOYkkPJPRi4Gx7Y7Szj283yTlytjPA9WGl2TMzQN7G9yIkGqtPyzgS4C+jmoJIIiwGlu5jpcd4hZumlQylpNj3Ru8+N+nGfHyl9iU2eTONgg69hgK5RG6qunl5F2my+pY25IAHv18odStLEs9cIy+EThYSWmUKRe4Urwuf8o5eeXY7eE5dcmS4mSmXbZkkj/VnFBJv9kgafD4xb/R5knZ7inSkti4Sh5SyeQyGx/isPOK/xFlEytUaU0kBLiLqA7QY0P0aMOzruIlYkadDbcs0U3+9dRBSfdfyHbHq4ZeLx/JPHlj1KqkvgXsD4GEF0qYTp0N4kE1EaAqGvfApqA5quIx+LifkqIXTHray6j5Q0cpLav1koCe9F4svrySN4H1xFtSIz+GfVXzxT3qLJLPWkm78uoIZrw1S1DWTb8haLyX2FboTrprHZZNWpZbJ8In4v7PPemdO4QpC1E+rrTfeziv6wzdwRTVCyVvI32Vf5xpipWnqufVkaQmabTlk3at5xfx082UzGA5Zd+jmnhfmUg2ho1w8Dk00lU4tbeYZhktcRrxotOV7OYecAzQ5Jp1LqVE5Te3KHhYXlrqDSWKfKNMMMhpptIAAETIKRsNISC0pAAG0B0t9AY6TMZ7Li1t464GptDdThtoY4uiwF4Be6fOCLcGh2MNlPgbfOEHJpR0SDcRm1cPFOEnSCKWAMxOkR7c8HSQhRKkkpMOWkqWcyomaaVSVOEbpHZ2w8ZZ58oKy0NLi0PG0fZA2jUmM26BKNCBCqEg76QYN25QshCb6jSFUVKO+FUpNvzgQAnaBF7aRfR7cBYiANhv29kDa1zeCL3uIl7I7UmGFcQtyjTwBIUGFkEdoF/yh6okHWCOoS80tpz2VgpPgYn2rRnMO0eaTlmKXKuXGuZpJ/KGjnDrBkyLPYap5J7GQI0Gg4ToU7MGkVGaqVMqjY6zDrwUlf4kEjrCJ9zhPcfo2I5pB5ZmkKH5R11PGsXXwc4fPkZ8Ny4ttlJFvcYSXwF4cvnqUl1gnm3MKEbKrhVX0kmXxJLL10DkmfyVBRw8xkxqiYpj9u9aPyMNMrGkejjg5w/o9Rq8sTuUTN/mDDhn0X5J2/qOPa5Lkjq5siwPgI2JvC2NWDrSJR0A/3c1r8UiLBhmhYpnqmxT36GZcOm3TKeQUJAFyTY3+EPazWCs+iLjR4j6N4rpPIB+RVp5hZiYlvQp4wPoKpTibh5emzso6kn3Ax65kcDvyKAr1tp1Y5ZCke/WLHT5Vco1lWhIIG6TeGDw7M+hh6QcuB6tiPB05r9p19s//AG4i5r0U/SbkwS1h7C8/l26Cr5Cf40gR7xRiCjLWUevtpUk2IWCmx84eNzcq8LszLSx+FYMMHzjn+CPpKUu/rXBOemEj7UlUpR4eQDub4RETODOMcgCqf4HY1bA36KmLf/8Atgx9OLjtjomK+V029iGlkmtcPcXU5IGpmqLMNgeakiIlzHeGmrpmZl6XI3DrKgR46R9ZiARYgEd8M36JRpkkzNIknSdyuXQq/vEXEfKtnGeFHwOjrcsdL2JtDxFboT4uiqyir/7ZIv8AGPpbUOFnDKrX+lOHWGJsncv0mXWfiiKrVfRc9HeskqnODuF21K3XKyKZZXvaymJhj5/+syDh+pnGFeDgP5x2VCtUuJPgY9rTvoM+jZNqUtvBM3KlX+BV5tIHgC4REJNf9n1wEdOaTexTJHl0NWJt/GkxcTHkUtW2GkB0POPUs1/2d/Dkkml8TMdyR5ATrLgHkWordW/7PXEbJKsK8e59OnVRU6Wl33qQtPyiYuPPhZN4DoT2RsS/QR9IJhShLcWcJvpB0L0k8m/iAk295hjN+hf6UMkr9Er2A6ikbfpMw0T5Fm3xgmMoLROkApn8MaLMeit6VsmCr+yeFp4jlL1YJv8Ax2iKf4DelJJKPT8D1zIHOVrUmq/kXLwMU0MgDUGA6EHS3fEnUMGccaPm+mPR5xygA6qlJL1wD/0M0VmexPUaOopr/DrHNKINiZ3Ds0ykea0CKzlSSpcHQCE1SqdgIghxTwUleR+dfYVsUuMKuPGwh41xAwO/p/aKWQVbBZKfmIGHUtL5kKXa5K1D3G35QoZTXbWDyNbw0+y2GK/TlEjlMo3PnD9BknhdmbZWD91wGCdooy3K20EMrb7N4nPVkk9U3EJqlFWsBAQqpbllEIql0894nVyh3I1hs7KXHs6wNVbED66VRJ+ot+0wwpSdeew+ceYag/MzMn0bilOJW/cXVtc62j1Xiuluz2GqpJtJutyWXYDe4GYD4R5vVTUBFOlW05ip9KlG2+Zf9I58/cfT/hzfg5576aVTZe1OaQr7g38ITUlKCpBF0qGpHI8v+u+JJ1PQS7TI0skRFqu2s2ucxvHkt+3TjxJuS7ZSSmYZzfdJIPxFvjEf6guYupZaSN79Mg/nD9eUKX2wyemlIJATGes1rL6ILpTaBdTyPEG8MFhgupl2EqdmFGzaU7A9vlBqjV1NtkAWiOodWRKNzVRdUC64opBI9lIG3viy/ca48LyuVb6NSGqYyAspCzqVDaHUy/KLSprpRmjPJbiHIVOYclGZ4dIgkFBuCfDt8oUerpN/rTYRnLvbpnHOqkMQU9bh9ZlWUuLSCFpB1Wnu7+YiNkkszKQGHA4L6BPteY3hknGknLzaZRycR0qzZKb6wk7Osoq3SoA+vGY20srmY6zqZXO8d7iwKpCyQehVobHqwZFOyggMqPPaAk6iCnVSgRtaDLqLhuC6o894xe2fHl9kjT1qV1UEDckggAdpgjy0Zz0eoT1RaCvPuOLNlq174T0SqwMPeRnJO6ouP0JRVZB11BUg3zDu7I0rgbX2JeXqLUtK9ECpKylJ57X9wEULH8umYEqsXK03sIsXA6WcMxPu2OXogPPNp8jHq4dSR5ufHfK1uScUtj2kuDxhVGKmFAkqUnW2oiA6Eg630gOg01EdXjWZOJ5fS79gBzhYYiljc+sJP70U8tAG2pgCyNdISYe12TX2VWAeSfOF0VpB2WPfFALIHbHBsg5kkg9oiZ9DQ01dFrld4UTVEnUK+MZ0kvp9l1YttZREHTNTqBpNOW8YdjRRVEA2C9PGDiopvfN8YzkVGoJvaYVBxWKkk36UHxETMGi/SY+/8YH6SG2ffvjPBXqgj2g2oDfS0crEsyDYspA7bxO16aEakL+1BV1MHULjOnMVrRYqZUR3GF5PEomlKCELBSLm40ttD2eqvSqiLXzbd8F9bceBCARm0vFek31vkX7tIsMmkcjF8U0NJbIdmUqtcO6eaQfziwS6L20iJp6bzs23zSULt3FNv+WLDKtnLtDEhRpu4v8AGHTbXfHNtAd0OAkJiguQADQd8CU8hoINvAbG14za1AgHnAbDtgfPSA32iaob6wVd7Xy3ECTa1oTeVsAYgBQAA11tBFkDS8ApQS2XHFBKEi5Uo2A84zTGfHbCWGi7J0tf0vPJuChlX1SVfiXt7rwkt9D3bWqhK1xjoavgqvsuIN0PNS6VONK7UqSq4hpRuIkxRXVSOJZKpKkm0/Vz7kktBA7HBbfvEaYhObYAwqqVYmGlMvtIcbWCFJULgiOwqctxS4fvJSTiaUazbdMro7/xWiZk8XYUngDJ4iprwP3JhBv8YhpnCU1hx5yfw7Ktzkkq6nqY6AR3lonY920SVKpuBsUNFxFCp63U6OsvSqQ40rsUCLiJkXU8xNST3WammVg7ZVgw9YPRrSttWUg3BB1EV88MsDr1OGpNH+7SUfy2gi+FuEVgBiWnJe23QTzyPkqEgu4rVTKMnrarDnYX99oUNcqZb6P1gdl8ovFDb4XSLbgXK4kxIwAQcqam4oeHWvFn/s3TrAMzNVYIFron1Kv/ABhUULHpSSoOq6xuddzAoLyT1XFA9sNThp0C8vieso7A56usD/6QPxgRRa0i4RiXP/vZFJP/AAqTEw1IMzs8yeo8fNIPzhx9MVDLlPRk9uSx+ERIpuIkDq1inrP45Jafk4YN6liYDqTdFcV2KDzf5KgsP3qlPvMuNdO62paSErQ4oKQe0a298Lqm56Vp7ExLTs06lHVmFLWlSknko3Gx+EVirT2MqSyHmsLytWubFEjPWWB22dQgfGF6JiPFLjfrDvD+eaSvqOMrnJXMRzuC4IosaK9PIFlrz95SkH4CFU4jfHtNj+H/ADiJq6naQ0maRSpx+TdGYdCkOLZJ+wpINzb8N4hnsZUKWITPIqEqbX+ukH0j35bROxbziiYSQPUUKHb0hT+RgU4rIVZ2mrt2ocB+YEU5vG2D30hacQSaQdukXk/mtDyWrdAnCBKVmRevsETCVH4GHZkW+VxHKTTyGBLTCFuHKMwTb33iWikthNwtpd7aggxJIrc+hIT0iFW5qTrFRZIQVOyqXjLqeSHU2unnrEN/aGbSjVpontsYhJxT03MKmXV3cVvygYupnJVJsqZbSe9QEHS+ys2Q8hXgoGKD0k62T0cy4kDsWYKZ6ojT1t0+KifnBcaHHEAixFxGeJq9Vb/Vzik/up/pHPVusOsqZVNqAULZkgJUPAixgZVwncL4aqa+kqWHaZNr+8/KNuH3kRCTXCDhPOlRnOGWFHisWUXKPLqv70QywnMTzc2+y5UJqZdWyroBMPrWkLGoFiYGW4gT7rCXH6e0FEahKiLHmNbwTEbO+jL6O9RaLM3wRwStB3tRJdJ96UgxUqn6C3or1QrUeFLEkpYsTTqlOydvANPJA90aOjiFYAOU3xs5/lB0cSKeP1tOmf3Mp+ZEDGGTn/Z0cAFqzUifxnSbaAMV1bwA/wDnhw/GIt7/ALObASQfo7i5xBlzuM04wsDyDSY9Go4jYfUQHETbd/vNA/ImHDePMMuqCEz5SSbddpY/KBjxfiv0AeIFIW47hL0g5ktbtt1KlBw+BUHP+WMtrfozekzQypMtxBwjUcvN5lbN/cyqPptPU9FRbsXSm43AuIplX4WLqecpq6EE+zdkn36wXOOPmdN8NvSbpjhD1PwhOJTv0c4sZvehMZVivAtQwzjGRp83LlopfbUpKTcJHtAA7G2g90fQzibQpvA1U+j6zezqOkYeabUpDqL7ggaWO4MeV+PjNLmKlR65ITjRmcxamWDutsEFDlrXBHWF+enZGPknWvR/E53hz8Z9s1q7aUS4UlXXBIP5RBrWgJyLNyRyi0Yjky02eqRcg7RVXGrtqQv7WnZePDfb2Qg+vUXNh2wgspN1WFraG0LPtoyAEaCGoClk6aCM29Nz+zGZlBNOZS3cDuitV6m1KRKvVZUOML9pF7Ed8XNMw2womwKhyvDdwOTy8pAAOgvF46zeWXpk6aKS8Zj6PyLSc1yNjB3X51zpGkoULCxIjQpn6Ck1Lam51GfayddYZNM4dYC3VVRnKrkUnMY6T5N9xJ8fK9xnDEgxKzHrBlHFu3vc66xaqPKPTKvWZtsoH2QeyJoSNPmFdNIvNvJ321EOpdxlrqLTtF5fJrPGXh1SsulpDQRlAhNxtAFxa4hfOixtaw2ENXDmJINu6OU112UgsLSokEd0ChYX4xxN7gH/ACgAOtpa3ONyXXK2aruLutMSaEq1Uomw5iNM4R0JUhQnqg43ZU88VN6bIBNviT7oz6rBp6qSzK2lnKgrUUJuoJ52HhGgU3jDgSTlWpFLFSlGWEhtAclb2A01ykx6pHl+TnnDP2u6mdz+UJlrc22ivNcWeHb46uIW2wT/AHjLifjlh0jH2CXf1eJZGx+85l+do3uPIky1r7Opgpb/AAw3bxLhyYISxXJFZ5ZZhBv8Yepeln0gtPNrG90qBibnYR6IkbbQAaG0OShI1BtBSkE6fKLuob9FfeClq24h1lyi0d0ZItbyhphqpvXQQQt21OkOigk6XgpSdQRpC6GmTX/KEnGL6iHxQL6WhJaNLiJmnpFPsm1iI6lNlM0vkC2be8f5w9caKrnfygKa0ROZbbpO/cLw9Q9rTSWs2VVtrRbKfKFVvfENQJRTgSAmL1TaaEoBKdbdkajP0h5GXyYlnGT9qRl3AO36x4H8oszDITa4hm7JoaxIw6E6uyLiCf2XEEfzn3xKJBygbRK1ABFoN8I69tDHRmrAG413ghWAb3F79kCva94RKtTEqlgpNoKVA7QnnASSSBzN9BFFxZxlwphcLl5N36Vnk6dCwrqJP4l7e68JNMX0myCtZASkXJOgAjOsY8asLYdDkrTViqzyCRkZUOjSr8S9vdeMdxbxLxdjFTiJucVLSatpWXJSgDvO6vOKLNz0pKnIVdK7ybRqf8o6T4/K9JbOPdW3GHEvFuMiWp+fVLyn2ZVglDfnzV5xnk6tDDuRxwZuTaNVHyh2pVQn0kFXqrR5J9ojvPLyhBb9Np1y2kOOk621JPeY+t8P/iud4+fz2cOP9+3h+T+dxt8fjnlf69PtbLY+w47vOqb/AG21D8olZXF2H3gMtWlvArA+cZoilNr9iYbhdFBcWOqpo37FR8nXu1q7FZpT2jdQl1HucBhnVcPSVUdFUpU6JGqIHUmWiOt+FY+0mM4ThyZ5MJJ5WIhRFFnmlXQw6m3NJI+UNXY0ekYqWicRQ8StJkqgRZpd/qpnvQrt/CdYtbYGliIwybpU7OMpYnPW3G0qCkhS1HKRsR2GJeVreJZNCW26nNZUi1lm9vfDSNkQkDXSFAIyhrGmJ2dDOJV+00DDxjiHiBv225Vztugj5GHlFagyyFuJCyQkkXt2RMKkpIt6JAHI3jKJbiZUEEdLTGFDuWR/WJFrig2R9dSli33XAfyhsFpa9bXOrlnZPI0m+V7OClQ8NxDjoBy2MVlviVSVgdJKzKO0WB/OHTfEPDi93XkftNH8oaRNliB9XA01iNaxvhl3/wCJJTf7yVD5iHSMTYeXYCsSpJ2+tAiqfMoSG1svAlpwa9x5Ed8RclNy067MSqHUqdlXC24kEXB5Xh+3VKW5bJUJdXg6kxUsYSr9HmxjjDaQ++wm1QlUL/1lgbqA5rSNR2jTsgLUhLjaciFKSk8htDaZplPm0lE5TZKYB3Dsshd/eIWotbpuIKbL1amTCHZeYQFoUD28j3iHuVJ5wFdcwnhpQOTDtPZJ5sMhkjwKLWivO8LpEXMnirFMprcBqrOKA8AvMI0EtpIvmgvQXEDFYk8KMSso3LLrldccQLF9U4krUe0hSCL+UCvDbw/UYsrKe51uWcHwbSfjFqlpdnph018o90PVStPWr2U+RtA9KAuiYib0axXLLHIP0m58yl5PygDTsSg2NUpDo75Z5v5KVFxqMqw2UmXUNdCL3tEepkfd1gK2qSxCkGyaOs//AMl5PzaMRlamcV0iSM4xhhiqKSQCxI1BBcPgHEoHxi5LYEIrYNtE6QFPwpiTE07NMzrvDusSQaeAUH5qTBA5mweuRY8hD7FAm6RW5xpOHqpMS7jhebelJfpkkL1IsklW9+UTamR92IqexNIVHEooIQ6iflJFCniodVxF+opPb9oGBUAusMo/XUqtsaX+spE0B/8AbtDZddo1rqnA3f8AxW1N/wAwEWtSVpN0qIPbeEjMzjf6udmEjlZ1QHzgaqKq9QiSkViTzdnTpv8AODInqc8r6mcYcP4XQfkYsrtQqJCguaUv/eWWD77xCVKQplSZXL1GhUiaS4ClXS05hR17DkuIIk5LHVep0umWl5wLbQMqQ4gLsO47wsjijiRlJ60o93us7fwkRl3+gjCjqVzNNplbl03uVSVTnW0p8MjlhEe9wnkZbSUxXi2XtyFbeX8FlUVFyxFXajiGbM7U5jpFhOVIAslKb7Aco87cd+AVS4kVViv4ZrcvIzamhLzjc0FFC0pvlWgpBIULkEWsdNuelPcPqugES3EvFLfZndl3AP4mjEbMYOx61cyfFacPdNUqWd/lCIlm9VrhzvDlvF574p4JnMP0+WS8oPKbYQ268AQFrSkBSvMg++MbmLNK1F+yPZ2KsEVmp4PnZXElUlqpOMlTrT7En6sMhFiCjOobga357R44xHKu06celVpuUKIF48Py8fHk+h8XPz46hn1LUlQOl72sYbKc6JrVfLWDuuEdY84j515NjlUTcWjhf09EQ9YraJUqOt098VaoY1mZlHqrDpQj7VjqYn5inIm3D0qcyecNl0intoN5VBNtNNo7cbx+3O8eW9KoaoSnqtrV32hB2qqzg2Wbd0TU8hhoENsRHpstRBaA8o7S8a13xnvsgxiB6WeDrTpSQb66XiySuJGp8pzKAV9rXcxCrpTcwnrpBBg0nQESq8zalHXa8Zvhe45Wc9y9rnLzKVJ9q/nB1uA89DERKu9CkJ53h4p0qAAAtHKztuXxnZ0nTcbd8C2STpDfp9LKOsSNKlX56bblpdsrcdWEIT2qJsB746cON2OPO9Wk8JqqX9tUTEnTVvqZKWhmRdOVVio32Hj3Rua5VlYyrZbWnbVIIjRqBwiwXL0uXbnqI2qbS0lLjyFrbWTbXrIIMHnOFuCJRpTwTU2UjfLVJhXuClkR65x8Xz/k+SfJnWMknML4eniTN0OQe/bl0H8oi3+GuBJlNl4Xp4v9xoJv7o0xzAVOdeU5L1OqMo2CS8hdh5phu/gKyszWI51A7FNNKH8oMacc7Za5wg4fO/8A6eabvoMji02+MMHOBWBNTLsz0sTsWZoi3vvGnzWFKw2MspXpZZH+LJE/JwQrT8EY0m9G5ilvDtUhxofNURc+2TJ4MS0sP+78Z4iluQtNAgfCCHhdi5pNpHibUgR/jNBf5xtTvD/GTCQVydNcvuG51X/M2IQVhDFjQv8AQwNvuzDf5kRIu1j/APYTiqwm8pjyUfI1+ulBr84H+z/GqVOYVPD8yOQW2tJ+Fo180LEbQHSYfm9OaShXyVCCmJ5s2do1SQR2ybhHwBiktZMscY5PV7C9Gm97licKL/xGEHMRcRZYkTnDOaUeZYmkLBjW3XUN6OocbPYttSfmIIHpax+ubHLVQEMPKshc4gVaW0nuHlfb70sZgPOCDitRGzlnaLWpY2v15Mn5RsOZjKSXkZeZzCE+gYdUmwbUD4Qk0trJkcUcDOLs7VVMX/xWHE/lEnRMW4ZqtVlpWnVyUfdeUUIQlXWVcHQAxqUngpivK6Jqiyz6dlKWynKB3kiLTQeDeBKPNNVV3DlNeqDKs7bqZZKQ2rtGm/fEwtv0SwrQy3LNvPJtmFxFsZZyiwG0PUSbKdEoAA5CFUyyAnuipquVBoiuU929k9BMItfcktn/AJYdWsdbQtVmAio0w5bhbjqL9n1S1f8ALHFsXtErUJFOnKCE2uDtC6ggJKnFpQlOpUogAecZ5jDjNhTDeeVpylVacTcZJf8AVJP4l7e68Z8bW4vDqkhsqUoAAbk2AjPMWcY8K4aK5aVdNTnU/wB0weok/iXt5C5jHMVcUMV4uK2pydMrKE/6rL3Si34jurziopeQs5ZZtT6r/Z9keJjXH4uXyXJNTly48J2s2LOKWLcXLWw9NGVlFaCWlrpSR+I7qinqnGJU5EpL7n3EcvE8oXcpkwpBcnXg22dS2g2Fu87mGjr0uwno5Ni/edBH0/j/APHzhPL+RfGf+3j5fy/O+PxTf/wR1dRnP1r4l2fuNmx81QxVMSMiSiVaC1m9yNr+PODPofmTnWSfw8oIJG99I9PH5+Hxf4/xeP8A3XHl8XL5O/n5f9QymJubmUlK12SfsjQQimUW4QAg3JtEqJGyb5DE1RxLS0nMB/Ln0UjTW/cfKJw+P8/Pfn5afJy/B8e/FxfTtuem021OsOm6rOIIsT74SRLnS/yhdEsm8fFe46ZxFPo2JsOww/ZxXPI1IUfCIxMqL7QopoNtLWdAhJUT4CCpuXxxNJNlIVYdsSLGOrgBxrT9mMMexFUJFtE29OzH6Q4spQkJsE303HhCrGO5gaGbV++wD8jBW9t42pqtXZZvzQIdt4pw66bOSbF/2BGDtY9Nuu7LK5dZpYh2zj9lWimZUnt6Qp+YgvbdkVTCLw1lmk37CRaF20YRdtkKknucMYa1jmSIH6Gk3+6+kw8axlT1HWXfRpyUk/nDDa2oUzDDnsTLo/fBgDh+iOEdHUnB3FIMZA3i6ncnZpP7phyjFkgdU1daCeSriJkWcr9NTVhSTV+qqybnkpH9DCS8HOkfVVCXV3G4jOW8VIOrVdR5rEO28VzoA6Grtr/fEMhtXVzBlUH6tyXX4OW/KIeqSczRlJROqLRcvkGa97b/ADiMaxfWk6pm0K846ZxHOTxQudlGnygEJzcr72hZ+icv2f0eSn+hLdCLyEBRWUS6ykAnc2Bh6ZvGEnqZyqN27VrIiJp2LHqYsrlaelskWJSreF6rxacp8k45Ny6gFJyjS+p0/OJJftq2fSRRi7F7CbCrTGn30JV8xCzfEbFzWnrbTlvvMJ/K0RshxNpZZbaXK5iQL3RckmHasc4beF35Fu2/Wbi5/ZqQb4q4lb/WMSq7dqFC/wAYco4vVdP62kyy/Bak/wBYgZjGGD+iJDEuFKISDppc7w6RXMEuJSFyrB79r+6GU1No4wE/6xQSP2Ji/wA0w4b4t0dQ+upc6i++XIr8xED0+ApgWVLpTp9l1Q/OANOwI9+rfeb8Hr/O8XKasyOKGGHLZhONn8TP9CYWTxEwm4B+nLR+0yoflFQ/s1hRw/VViYSD2lJ/KEl4NoqweirxH7SAfzh2Lp/bbCqzpWGU/tBQ+Yii4vxFQafjzDGIpOqSziZgu0ybKHAcqFDM2VdgCs2/bCbuBZZRJZrrJ/abP9YZP4CmzctVSSWOwlQ/Iw7Glio02Y1Ynpdz9hxJ+Rgj1lJukX74yaYwPV03sZVwdiXf6gRGu4UrkvoiUKbc0OJ/IwGuu22hk4UjS8ZO5T8SseyZ9J/C4r8jDV2axSySDOVMW/GuCPTNCx3RJKksyk22tlcugIs23cLtz8T3wkOIWDSlwzNJWglRJHq6FZ+867x5jcxBihi//fM2kg/bSk/zJhA4vxKg9apJdHYtlGvuAi6a0mpzMu9OzD8oz0LK3FKaavfIknQRFOug35RSF43rqblbMov/AOWoafxRRuIfpLYa4cMKOICw5OKTmakJdZU+vvt9kd6rCDONjmFpUhSFJzoUkpUntB3EeM+PNEk6dXZiYkRZIWcwttFG4j+m3xMxNnksIGWwtKE26RhCX5pQ/wB4sFKf3UA98ZlI8WcQ10LksQVZ+oPWU50768zigTrmPP8Azjl8vDynT0fx+fhfGpqZmiq4B22iOW4TpfxvDJdUSvVChY98Hbmm3CQVCPDy419Hjz6OEhQFk63N4TebcWnIE7wdC0pNxDkTTCU3O/hGd7b9oV+kqVqtJ1hm5SMirgH3ROTU8LEA8obInM1gtIIMblsSyIdUqts7WEclakpsoRMPLYX2abwwfLQJUm0Ty1PXoyLxSsG3fDhuay7G4hq8tIN72vDbpSD7WkakceXLtOJfz6kxqfB7DOJajURX6FRZOoqpqkr6KbmjLtqUQbDOEL1G+0YmuqMyzfSPO2Cdd49PcBONHCc4Vl6FK1VVLqKNZhuoJDZecO6kKBKVDsF725R6vi4/by/PzydNNZxhj6UTmrXDNSUj2lyVXYeHuX0ZhzN1CYqSkOuNKaRYFLSrXSe+2l4aTeLafOqumZTkHsi/xhk5iCRAzCYRbx3jtryWJFb3RJvcCIyZnFqOVBvEe/W25lfRtOBRJ0AMTNFpi37PzIsDsDziGD0ijuzqw68ClA7otzHRyTQaaSBYQ0S62ylLbQAAFtITL9+ekVNPVOKUq6jcwVa9PCGfTAfagqnxyMEOy5eCKdPICGodUvQEeMLtC3s698AYLPTIbdT7d7eUO/VpdxOVUu0odhQDDJywnJUW1UVj/hiTb0I0gaaqodHmE5X6VKLB5KYSR8ortQwxh0V+mMijyaUOPPtFKWUpB+ozgadmUmLiE2O0QFZl3DX6E62LJTU8yz2hUpMI+eWBLnaYlpJmXbTLsNJaaSLJSkWAEOESySq0OxLW2TCiGFaG0E03TKJP+ULIkWyPaMOEtWF+z4QdKddBpaDNtV3EzEpJCQnJuZSy03NgKWsgJAU2tNyfOKxSsXYYxFXRhmjYww3ITK0LKahXZ4ydOSobJLwSoqUb6ADWx1EZz6VNSmafXKQJiout09ySccLKnLNZ0LsVEbE2UIybDruJK8lK6ZJobYVtNPXSjL2gbmLON5em5Zxm1unF3g7xhpWH38Z4lxZhSuYal1pDkzhetpmZVkKNklxJCF6kgXsoa7iMKl5Cp1RRRh+nKmW9g+oZWvInfyi3yGDqFLTHreIJgVabQQQXkjIj9lG3vizfSkuhsIlkIbQkWAA2j08fg48O/lv/AE8/P+Ty5f4/HGVu8Pqqs+sVdxKzv0aOqj3DeE3aLOyg6KVkUoSNjp8o0aZmm3DckRFzTiFkgAR6uH8nlxnj8PHJ/wC3C/H5d/LdZvMUaoOKzPIUeyGqqO8kWU0dO6L++EE6CGDqE6mw0jne++Xdd5c6kxTDTVI1KDrBUyNlaoNoti2kK1CRaETLpJ1FvKH5c9NyS9K0ZDSyr2jvVcugTeLOKeFC4QT5QQyTR3TF/wDkXf8AHo8J7r6TJZvsBCyZcnYQ4Q3bcaiFkNnsj5zvhFLGmnKGdfvL0eZWn2lo6NP72n5xNoZATciGVWl0zk3T5AkZVOl5Y/C2Mxge2P4qlujnWZJNv0ZoJPiT/QCIlMt2DWJyvu+sVebmiLhTpSPAaD5Q3ZQFAZUxqRc1HiVFvZvA+qDa0TTcqCLm9oU9TTa9opiDTJhWlhpA+pAbCxMTok02POO9TSRsIaYggw4i+RxSfAmAK55FwmcfGv8AiG0TypA2uBpCK5Hna8BAqmqmnacc8zf5wU1Orp2mj3goB/KJhyQtqAYbqkTfW8PRpijEFaaJPSNnTmn/ADg4xZW0G+dQ7Ql1SdffCq5IAXtDVyS5kWhkptPEY+qrQ6/rI70vn8xFowlWprEku8/N9MpDCwgBwgna99BFBclCN9YTZfn5G5k5x9i+p6Nwpv7oeOmttp7Mo1MesBYu0hSwFduUgCFkrklMPJZSlAQxlza+2pWXY++MNXiTEbZ0rE2f2nCr5xwxzipjT6RKwNwptJv8IxfitbnySNUmJRLSSvpAdL27Yrg4mURodApps5DlJTMo5abGKWviRibIpKvVVAgi5ZsR7jFCflUqJJF77mNzgxs+m6J4i0Fwapd/dWlX5wsjHNCy5unm2t/s/wBDHnpck2bnLrt5Q3clMoJbWtPgbRrwibr0g3jyinVNbfb/AGm3B+ULtY3p6j9VilFztmcI+ceYlqn29Gp2ZR+y6ofnCLlSrbWiavN273SfnDwNj1cjGizYt4iYPZ9cP6wujGNUvduqsr8Fj+seQ117ECdfpBSv2kJV8xHJxniqXTZqeSBf/DTDwqbHsEYzrf8AjoX4GBVjisJ3F/OPHh4i4ubsC6wsX1Kmz/WDI4rYnZ0W2gf7t1xv8zGfGrr16rHtQBIcbUbfihP+3z5V1mlab6x5IPGOvo6h+kkW5oqN/gpBgVcaa0NRUqm12hSGXR8QIeNP+3rBziGgudGtK7+GkM6pxBo9OkHqjUVNoYl0FxxS07AR5/wPxKna7OuTdQrZRIyWUzapmWbZAQQrXMFH7sUbjPxgl8SM/QuHC6mmp1ccUnKX1A6G24SOV94nfozT7ij6WFZxCl6jYJpjdEYQopcmyEqmHE8sthZA15XPeI8y1qbqFan3ZuamnHHXVFTjrqyoqPMknUw6ZcdmJt5xY5nq9sMJ0OpUpxxexsEDkIuCMmUty6Sgr6RV976QSjzKU1WXzNJSFqyXA7RaEphWZZV284SZc6Gel1g6pcSr3GMNS5VvmgtlZynTshJM8tCswNrdhh7MpS6i+5tEU4gpJNgI82b7e3ySLNc0yrJ84VXWAU6L0G2sQTo0BhErKb6mxieErXny4p1dTUoiyjrvrAGoFI9r4xAdM6PtAjcQVUw+QQFQ/GfmsibXVSFEZ/jDZypptfOPfEQouKOZSxfuhIAjW5I5xr8UjF+blUi7US4ddfOEHZ4pTZBN9tIa3XbKOcGbRlJJt36xfGRz8uVRdcnVqUGM22qtYZSk25LrzIN77g7GBnj0868TsDDVO4sI7ydPPyu1sOBOLVYw90DU265PU4gJWw6brbH4FHbwOnhG80qZRiqlN1eghual3BuhYCkq5pUk6gjsMePZRalyi2knrWunxGsXDhfxTqeB6smblznZeITNSy/YfQP5VDWx+YicuMrMt+3sTBuEfVlJqlT/AFqhdDRNwjx7TF46ZKLBJ0irYUxZRsVUKVrVEmekln0aA+0hQ3QoclAxJrn2kmy1gDtJ/OEmJbbUoqZvoT8YKqY7D8YqAxnSpubErSqvT5pwXzttTCFqHkDEomfJBKiAbcjF1LMS5meV/jBkOZ7Ek+F4h2phapot2GXIFDtvcxJsLJ5QTTqWUC84Nb6c9okmhbS20R8qm8wsgbpTz8Yk20i2kU7IzItPSCht0qwfNtUSrYA5wweSn1iUJuAHSf8AgVEihJNuyID72AttEdPoHr8ksi/RTcuv3qUj/miSAtvEbWrMtofBIKH5ZV+4Po/rAl/S3JZSTC6JS+4hu24Lga6w/beAO4gxRRJ6WyGE1yttLWMSTcyiwBgrjjZOYiA8qemzQRNUGkzy2lHoGJ5IUBoDZtQB9xjO8FVCcnsH0yYS4llsyqB1edhbU8to230xkOv4Jpxl1KyF2YbWkc8zJt8owLhJOOvcP5VlJSQGsq7/AIVqOkdvit7kXnx2S1OFxaVdZRJJg3ri0j2jbxhJxwXNt4RWrlreLlrl4llzijcBWnjCbkwpV7GETYaGBsNSBHbjx5cZpcvQFLKtD2QkttRuUpNucLFJvYCHjLT62CEpGWx1MZ57WuGXqoktG1hpBSyb84fBnNqb3gehIOojLUn3CbTEwEpSpQQLaEwguXCHFIC8w7RDxTa1WGptAolHV6hFr8zFmXrjDlb919HkNw4bbAPOObRa2nhDltu51jyu4UNXG3whoqUWF1qvrH1NNkRLoP8AtHNT/wAPziWab0AtDaun1bhe66P1lbqzhHe231B8jBYyCaobv0exPKGsy4bXHIG1/feNUwH6O9UxFSGKzUKmzTmJhOdlJZLri08lEAgAHlrENWqWUzFJo7CMy2ZZsZQN3FC5+JMer6bJop9OlZBsWTLMoaHglIH5RrksmMOc9GV9F+gxFKuW2zyyk39yjaI9/wBHDEqR9XNUtz9l9Y+aI9FR0ZV5le9H/GLVyiSac1+y+jX3mIyY4KY1YVb6CmFfsZVD4GPVsdAeQ5vhNjNhF14cqJH4ZZSv5QYrzmFagHxKql3Q8V5OjKDmzdlt7x7diCXRZGYxeKwqWQXpaTCc+XdSlGx8QEkeBiyjybMcMcXNNF13DdVQgC5UqSdA9+WK9MYcnGSUrBCk6EHe/hHvCCPMMTLZamGUOoVulaQoHyMNTHgN2jTyb9RWndDCZkJpv2kH3R76/sthnOXP7PU3MdCfVUf0iLrPDHAVfTlqOGJInkplJZUPNFjCVLHgaYaeQT9Xe3dEe70guS2BHtao+jJw6nSSw/VpS52bmEKA/jQT8Yz/AImejjhbB2DajiWTr1Rddk0oKGnkt5VErCbGwB5xucoz42PLTrmpBbtDVwXGYpMWiUoy6jUUSbKbrfcQ0gfiUQB849AK9DGZUyCnGkt0hF7KklWv4543sntJN9PJrqWxqRbyhktDRF76+Eeqp30LsUW/Q8TUV0/7VLrfySqKxO+h7xQamfV2JWlTCCbB5udAR4nMkK/4YnlDK85rDQB1174brDBGqki0ejZ/0MeKTDRdYRRZogX6NmfUFHuGdCRfziuTPokcYkMlxOD3VAG9kz0qpXu6S8al4/sysMcabN9QYZPyyCCUaxrVb9GzivRpZ2dncD1NtllBcWtLaXcqRqSejKoymepM0yoIaUnrXOptG5l+2d/cRjzIOmW1u6GbjIAtuIdvyVUUFBkhwAahDpJHxiKml1Vq6nlLabSOsSq/whZ+zYI8xrYA2hi6yNR84jZzGCpda0Nh5eU7OobT8he0QM9jyeeQUNy7LZGgKEnMTGKsWRxntMNH2ilJVbQAm94hET2M5lCVtSKglVusoITfvN7R09OTSJcN1SZaLhVmWho3Sewd4ibqcp+gOVp9Uo5IS7xTLurC1pTssgWBPbubeMQ9RJNhfeDF9bz10NhKUn3wlNqzHUXNolRBvsuNTHSJFyrnDWpMpTLl5Qy5tLxJvzKWUqJAPjFaq84ufWlo9VCOQ2MYvLrG0W8QNlX74Ql2lvTKDa6cwvC7jX1gbHMw4Sz0M4iXSm2WxVGGp2tgF20i1hbSGryARlI2hywUlvU3uNoK4jS3L5R5de6cdmo9TQ5wg4z2jeHi2yjncQipYOhTE2tTv2ZKlzyhIsKvoYfdU6dsEURYjYgRfK+l8IZKZUAe/sgOjy2vDhWh2hNSc3LaNeTF4QlkBNhraOVdKTpbSFQmw2hJ5WVsk9nui655isvfrXiR9o6wi0m1yYXP1jjpANiowmEm1gFXvHePJTynrLb4I9nsg03IZXStg7km0NG3Ftqub2HbEq5d9lDiDY6RWVo4a8Uq9w5ns0tneknT+kSpVZLg7R2KHb5Rs8/6Q8vPrQ3hvDpn2nEIzB18ocDhGqcoSrn7486Sr+7LzaSDzIBt5xLUya+ipxqoSDrstMsqC0LbVsfOBbY9N4NwtRabNiuy9DTJz863d1JdLnREi5Skm3yi9SmYjXmY8mz3HHiLITKHkVdktHUBEm37lXT8otND9KuclwBWcNtTAFsy2Flsnt0NxEM2PSzGYT43ILNtttf84mpVJOxjGME+kXgDFdSTLTDU7SHVJyhc2lBbv2ZkqNvMCNtp5ZmGW32HELbcSFIWk3CkkaEEbwZsp3JgesrGvspv7zEs2ABYxHyqAJlW3sJ+ZiTaAJ2ioTmeq5KKv/f296VCJNA010vEXUhlRKufdm2R71AfnEsntsYihCRsYhsVHJSn1AGyW0rvbbK6gxOpGu0Q2Lwn6Dnrkayjp9wB/KCz2tI0OhhQLsd4STZQCu3WBPZaKnX0cJfI2MG6Yka3huB3GDpF/CIRjPpXsuTHD+TcSTdFQAuDbdlyPMXCOZd/sg2y2rRpxy5tc2zH4R6u9JhlSuFky+hNyxOSyvDMvJ/zx5O4NLIo84wEJVaZmGbEkWBAF46fH7L/AMYubCC8q3SAAbqMLr9VZSQLrWefKEQyQCRe6TyhVEuty32jHt4ePHjrnltNwnnBw3frZfOHsvJhTiUKGh3hwuUKZYdSxzaacrROXObjpw+C2bEblVuR7oWT0mUIBNofy0glacy+21odNSiQtKUoCbkAkjbvjM4cuU30xeU4otmSdWLhPvhzLU5CnAl12w7QNIm5ilol5otNuFxGXRVrXgjckcvRqNrm17ReHxycu5rnz5cs66RLsq206Uy4CgNjbWDOLW+lLZaASnsiZ+iEqeCW1lQGhMKzEgGEerBgHmVCPVw48ryudRw5WeM+691NvLOikfOHbbqtNIaU2XmmmyJyYDqyokECwA5CJVppNxcR8Z9eyCuzQalXnQDdDale4Q5xzTS1/Y/BadSxKtF0fjWQVH4mCNShn5+TpiRrOzjLG32SsFX/AAgxIVyZRUOKVQnr5m6YysJ7BkRlHxVFiI3DkkKzxOleoC23NpVb8KDm/wCWPRkYhwXp6pzFE1VFp6rDS13/ABKNh8M3ujb4vJb106Ojo6Mo6Ojo6A6G0qAX5p22pcCfIJH5kw5hrTSVSiXj/fKU75KUSPgRAOo6OjoDo6OjoDoyX0makZTh43IJPWqE800R+FIUs/FKY1qMG9KOcCmaJTr+yH31D+FIP80Wd1L6YfwrpAqvEKhSmW4XPtrV4JOb5Jj3THkz0cqT63xFlZgpumSl3n/AlOUfzR6zjXP2nH06Ojo6MNOjo6OgCOqShpa1kBKUkm/ZaMe9GPC9EleHhxMzT5YzdcqE6+t/owVFtMwttCb/AHQEXt3mJf0h8asYQ4YVcs1FTFRnmxKSyGRmdVnUAuwGo6mbrcoh/R3qOJ5LhBRJb+xU30aEvOMrXNsoLyHHluBSUk6Dr6XttGpL46nutDxHgzANWkXXsUYUoc5LMIU64qbkmlhCQLlV1DTQbx8lOMFWo1ZxjWJ7DcgKZRpydedk5ZCbBpjMejGXlpY25XtHsz0s/SUqcnRX+HeGadN012cLkrWH5hkEpbsLtNLSooOYHrKF7C40JuPB9beKih/Mesoak98deEvGdsc8UCroM1OJZQ6XHLfrQdMt/fC8lJU2mFLnQpcdGvSOAEg93ZElVzJMEvpaHTc1X38oriakvOSrXXmOUXe2MtnSWqdcU239XqtQ6qb6CK06HJlXTPquqHbqkOHpAok7wgq+5NrROpVv6J3yi20N5lQCcytBbeHKkm9oi6qsuJDaFbbxPUZsQ9QmlPno2tzoIYKlywlRWbmJVLCEC4GvMxHTyvaHO+8c7W0YbGbbUdBmEP55oNVDpLaLSk3hg4FghYOgMTU20mbpiai1quXH1n7Pb5Rm/pqHck4CgC9zDlQ12sIiqfMXAVmBiUS5nGvZHl57Hu+MitNwTp4Q0cSN7Q7czJvDV5QUNAExl0NHUk+ySIIEue0tQPfCi73BAvaCqXzUbdsXtj0TIUdzvBy0LAE3gwKb6CBUtNu+Boi7JAAA2iJqTxQyrXe8SLrqcptvEa5LuTri0hP1bYzKMdOE7cfk6iEYUECyr9sPA2ki4OsN3EkzKjyGkPJdOZINo7vJ6IPy905gNbawvTFlbZZWfZ2hyW7JItuIaMgtTYN9FaGKhyW/rQpOkPknXKd4KlAzZ+wQYAJNhFYpOZQlaC24nMFCx7ogpiTmJO6tVtE3Ch2RYFHS55bwkgpQVtOewo6QWXL0ZUfowelZSVOqUAkX38hyj0JwG4sTOGKjL4ark8VUSeUENl1V/VHFHQg8kEnUcrg6a3xum0ZaZVyZkqfc63eU5a9twkdkFlZlbGUPpsCNrd0MxNlr6LSyAZoqFj9WLWPeYlGUXAsNYzbgfi+WxhgilzCZtLs5KS/qs4nNdaXEGwKuzMmyte2NNa7CIlDaq9WVaUOU1L3/APVQIlwnbnERXTkpindfq3WVm34XUn8oFddcd0kZZWUj9Y4Le5O5iLJqZOVOqlACK7iqdkZiRmJJuZQp5crM9QG5KeiXf4gQsmWnJrrTjxVzsTZI/d/rEFX2Qiu01tB0eYmWrj8TSom941453WhydlyzKwb5m0m/iIXCO2GmHs71CprijcrlGVE9+QRKob0BO8aZnRAIJhZDQA2N4VS3oNIcNMk623h9KzPj3TkznCevICL9Ehl6w/A8hX5R4z4Qyrlq3KJy/VVBY98e9OKVNE7w5xJLkXP0ZMK80oJ/KPE3A+Xy4oxRLtpSVNTrL4vtYpP+UdOHs/8Aqt8rTipwpVYgjnD+TpWVzP8A9f8AWsS7NKKZrLlG55xLS1NQDZXuHl/SN87fUez+NPjk3mgGqXY5g2nb+kK/RZeRkKSQLW+MWhFNURZtsd+aFhSnFiytL9mkZnx33a68v5PxyWcZqpyFKOiclzmNhaJFig5rqUi1jFmk6EoLSrLbW94lm6ISc2Xzj3/F3j5HOe1VdpaVsNqSiy0DKo23MMBTTYgi4J1sI0IUxCW1IyA3HuhoaMlAtY+EZ58sqcePSnppoaNmVKPb3QSalHcgbA0V7XbFvFMyq0bAB3htNUkFZJOnZHXj8v8Aj/i5cvi77epOhlsrafXnEFKbCx35RLSEscodE2XEd8RzZdJCXKdm1GosecTEvZEsbM9Fcez2R8d9e9J3A8ql/FMvOOjqU2WfnTf72XIn+ZXuisSD6lyWIq+4SVTLnRIPbmUVH4BMWagOKp+G8V1420ZbkGT3kFSv50+6KlMn1TBslKg2M4+t0jtAOX/ljXFiTWn8D5VLVHnpm3WcdQg+ABP5mNLilcI5FUrhFp9SbGZdW4PAHL+Ri6xL7OXt0dHR0RHR0dHQCU0oolnVjcINvG0HaQG2kNpFglISB4QjPG7SGr6uuIR5XufgDDiA6Ojo6A6Ojo6A6PNvpJziZnFcrJJUD6rJICu5SlKNvdaPSUeUuML5qOPqs9e4D6Wh+4hKPmkxrj7S+lr9GKmWqVZqRT+qYbYB/aUSf5RHoKMs9HilepYPmp9SetOziiD+FCQn+bNGpw5XskyOjo6OjKujoqeOOKeCeHYaTimrFh19BW0y20pxxSRzskaC+lzYRU+HPFl/jDXK3L4beTTaPTAwnO6kGdcKwrUJuUIT1SATc6HSLONs0k1CelpiKjUjhquhreaVU6pNMlmXTYvLShWZS7bhIsAVHTUDnF84QUvEFP4d4eYxE/LoeapzATLSyCENJyDKlSibrVa1zoL30jGfTCp1Np1Cw3JsIQyt+YmHZicdJUvIhCU3W4dTq6LDnyjFeNHpqYkxPThg/h6w7hympAZcmku3m30AWCQoaNiw1y3PeNo1JsyGY9Fel1xB4S4b4WVjDWMF0+eq0/KrTTKYkJXMB86IeAGrYSdSs22tqTY/L2uT8u4hpbSC2A0kFBN+sBqffeF8Q1l9c086+VTDrqszkw6oqcWe0kxVZiZ9YUS6sgco6SeLF5b0YTrq5lRUpRyCIyYSL5t78olH0oULAnflDCbbSEHXrcozb9sxFqmVtKsb/wBYcMvoc0vvyMJusKdSF5dLb3hgsOy6i4nUA+6Jti4kpl0N/VpV1lDSI51pATdW51MHZmEunMokrMJPrJUcwPdFrHo3fWMpCRoBELOJuq/K8Sr6wgdbcxGzBTbXtjFVHvoATqYmMLTqGHugmAFNujKQdrREzDmZClhJAAtCtPbIbCgTdNtYi/2mpjCFVkpgu0Vozkms3S2hQzt35WO4jlsTklZM5KuMk6fWJI1iSplUmWkBLbpBtEyMSvoytuISRfUEXFtLxz58fKOvD5LxqqOuAp1G4iPdcsNdr7xek1ejTN/W6awoqNiopF/a/OG7xwuoqApDRzXNwo6a8teUcp8djtPnn6UZSklVs1hCSljVMXdySwetKj9HrSoXtldVa/vhBUphFGbLTSvNfVTqtOznGpxZ/LnaoJVY77QZpMzNqyyjK3VE/YTeLcXsPMqLrFJYRlACQQVcgb9YnnCT1ePRqaZSltNtEoFh8It4l+X9IVnDM68npJ91MqjsJuv3coZ1t+Sp8kZOQ0GuZXNRh9O1J6YvmUfKK5ONOPqUo+yL7xvjMcefLyvaIQnS553JiVl0BLaQOyGTaEqScpvy2h2woqZtzTG458vRVXtgGGj7ZQ4le1lc4dXSQFDeOeb6ZoqGpGpgzudnSVAC976QVagNbX7IK0QW0kjUiDKAUjfUGCY4E3AMIumwIP2flC6UXIVe8EmUWSLAXUbQ9hVl94MJyvLFuwwD8yjoiq9yhO945lPRIAUOUIlUs2tSOjCkr9rsgf7apwequNcA0qaxHT5ys0xM8OlcecoYn6ctlPsqcU2rpWrHMCoCwiO4g+knxLxauZpqcQNSUmkhFqQpbTbwSfbSs/WWO+40tpFHpOKcUYVUJrDFcn5RCLgJafWkAeANrd0VMzbjs049MHpFurK1G26ibnbxhe3Tjcj2p6M/Gmr8QsN1LBuJBMzk9R2W5hNRcczl1lTgSEr0vmB2NzcX7I281SZbb6KRppcdLjjYtrYJNgTHg7gpOLkEVqeps3ian1aUbaclpmlynrUslN1XbmmR11IUQBcA2ty5+38CYvqldwlSKtVaCabUZ5gLfl3SUBC9iQk9ayvaAtexF4xy1eP2lTSq3Unbzk4WGgoEJQbEi3MDv+UNqzKJk6xQGEklKXigE94I/MxLpFQnFJJdcSlJucgyJPdrc/KGGJG1IqdCWq2k6gEjXc2hN2LcW7BgUcJ0YqOokWUnxCAD8on0I7ojcLywlqFJS6dm2gkRNNN67aRtxvtzbWkOm29NBHNN8oeNMjsvcdkFQmLpEzOEq3L2v0tPmEajtbUI8KcDZdS+I+LJHKMy5OUfF+4EE/GPoRUZPp6ZNNWv0jK0+9JjwbwVklyXHyqSDgAVN0Dprd6Xkj+sa43K1P8Ai10UdSXuunUbi3OJOUpSlEWb+EWN2nEvqccSLqN7RK0+STZJS0APCOnl03navy9EUdVI37okmcPBQ1bi1ydJDirlO8WCToSTY5Ix5NTjqkyuHSEDK3y7Idow8u2qDbwjSJTD6CEpyW284kFYcasMrVhHWc7nTneHbK/7O5Tco8dIbvYeUn7HvEauvDyQk9SIuYoitepeG/tM/TLX6GUk30HdDJ2mJ9nKSQLXPONMmqEVfYiKfoRSCcmoEa8rJkSzWnolpkuZ0TWVNrZSOd4eoS8lpKH1hSiokkaaQ1bqDYISpp0c/Z74cTinC0pLIJcUnKgfiOg+JEeR696SuIXPUOFtOl0dVdYnFzRA5pvp8AmK9ipIYmqbSEWIlJZtCh+IgX+N4tXEZhCcQYbwlL6syDDTZHdcAn3CKtkVXsdpYSNHZlDQ8MwjfFnjNr0FhiUEhh6nygFujl0Ajvtc/GJOCtpCEJQkaJAAg0ZvdZvddHR0dEHR0dHQDd7Kucl276oC3LeVv+Yw4iLk1qmK5OuXulhCGh8zEpAdHR0dAdHR0dAdHmPijT0L4iVOUkkg55hGUfjWhBI/iUY9OR5zQUVvi0lZOZLtWzankly4+AEFk1vWG6HLYboknRZTVuVbCM33lbqV5m5iSjo6COjo6OgPF3pVN1JvidOLnSejclJdcprf6nLby66XPfDj0ME1pePK5MSimhTWaehNQzq6xUpaizlHily/d4iPTXEXhnQ+I9IcpVSUJVTymyuaaZQp7KgkhKVKBy6k+89seG+MlKXwQx9U8P4GxnPKQ7JJbmHGXejcSly+aXdKLBRFkq2GihoI3PTUz2beljxpf4i40ep0isopNAdfk5NAVo4sLyrePIlRSMvYkDtMeZJt9wvhzU9beLZOMPzrnSu6NnneIGpsoal1NIGgOkb9Rz5Xb0jKkyzNJBdUUA7qAuR5aXin1JtUo6UIcDiTqCBb/wBotb5U5Kgk7CxAitVA3JF9RteJrMmINycKFWUSmCl8LBPSDWEZ7Qk8oinXSk2SsjxjNq9H6nVlJaT5QVMqpaLq27BESqddQonMerAprbw0KiCe2JQ4mJN1kKeZTa3KGonekIQtPWO8HM8JkgPuXHZmtBJlMo+bNudG4BooGG6hpO5grU+ER0yCSG73vEjm6NRZmRe+x5GEPUUpUXAvMDt3Q3UphMtiwl0m19TD+jtBQUz9oQwCFF9x/UjNa3cIeSr3QO9O2DbS8SiySEkq6SpFhe14n26Uw+i2S5O2nabH3WJiLpE41MpAUfjFtklS6UpLa0i2u9iOX5mM1KrT2GFuArYJV7KrbWBV/S8RztDmW7jo1admv2rCNHQuWsLLTlvrfkAP6wRxuSUhSlBPsp8bg3HxMTVlrM36fMozJKSPaJhsuSmwT1FW1EacuWp6wrLl1WpJH7Qvb4Qg9ISRs4CnYE67m1jDTWa/R8yv7ChrY92ggPo59R0QRbTbvjQJiTlEeyE6aEwxWzLIByjMLX8YpbaqCaUbEu6XiEriES7ZbbAurQRbatONNNrUFJAA0N4o068qcdKwbgHeLE9IxpJZWpFrjfSHjCkpOqd+UEKFIcGmihDhaAqwHtDnF/pPIVTRKrpFgYTIfauAnMmHGdCSErULiCKcCDnSq6TuOyDOhaWlacg0KeUA4VJ6wuQRqIQVOMBWZaFX5KSIUYeLmhaV4nSAWbeTl6pGo0hN+ZTZNxmIO0EDKjmFja+ggyyy0kl1aUC3brFxNtFLky+CFjInlbeDJSxLpKnQEp5lRuTDJ6qpCSiWRm/EqI56ZcfVncUVEaW5CJuNTjb7SL1bGfJLMhQHMjQxHOrAmCooyg6iDMMrcBWVW00EKuMKcbSptN8o18Ia1JFt4a45q/D+vS2KaQOkU0otTbF/18uvRaD7gQeRAPdHvrA2JqPj2jNYjwxPNTEnMgKJKsqmXLatrSOtcHe51t2R82pGY6BwZtUnQjujQeHuO69w2qaavhVxUxLOqT65T3VEszCd9RyULmx5X8olmkuXH0JYRKsoDK5zMUqv0bGg17hc+8wxr6W81EdaaUhKZ5oAK3HW5xV+FPEvDPFSkLfocwGJphITOSEwoJdYV+wkDMn8Qi14lQGJGnFLiVdFOtXKQANFbRn1WrlaFRW8lOaR924+JiVZQLC4iIw8h5Mm6h65tMPFN/ulZIibZAJBjbjvZyygHS20PGUAqhBpIttD2XAFu2GNacdEHG1JtYEER4SwjLeoelHT2h1RMUWcl/EtuqP5R73ZSLDS/ZHhqosGlelfhk5bF2Yrkr5BSiB8YOnG9V6DRKB1wlR3ibp8l1h1NOUINNgrFxFppUl0kuFlJNhYaxrj3Gy1Op4zDqiLPI05JsMsIU+SUcpSi4iyyEtYi47ozW4XkaWLJ6ovD9VMAARk3EP6eyDY2iRLHI8xvGuNWz9Ky/TEpTbLDNNF6c5dBFudlkFs5he8MpdkhRQnWwIKo3y5YxIpM7R0IdKDbTSIpdIQpKgpACu0ReJ2Su8o76mI1cikKVZNiRGuPJjlxy9EGkpIAh5QJYz+KKVIgXDs2lav2WwVn+WEWaUiXUHi8tWW5so6axYeHbTaK5O1d0DLTpFxYJGylG1/chXvjg7WoesTYn+JVYqalAt09pxKDyuE5R8VGGnCWTNSxsibWm4ZLjxNu42+YiKlJlSqVXK0vebeDaT23JUfmIvnAqkFLM9WFj7rCNP3lf8ALG5cizqa1qOjo6Obm6Ojo6A6O2jobVN4y9PmHgbFLareNtIBlh361iZnf/MzC1jw2ES0R9Aa6KkSybWujN79fziQgV0dHR0B0dHR0BB4zxI1hTDs1WFozrQMjSL2zOK0SD3f0jz3w7nFuY9pj60KdWubFxzub3PxvGk+kFUehotMpgVYzEwt4juQm3zcEUbgZT/XscsvkdWTl3pg+4IH89/KLFn29IR0dHREApQSLkHyF4ZVquUjDtNeq9cqDMlJsC63XlZQO7vPdvD6PDfpH8T5nFWNZyny01em0tZlpZCFXSop9pfZcm+vYBBZNXri76Wri5aYpHDttyWbKShdReTZw3uPqk/Z/aOvcN48g1Obfq809MTL7ji1KKlrcUVKUo6kknUk7knWFapUFu3F9PGI9EzaXKFCyhcxuJys+jOecSE5QdoqtWWQhUWOaWlV9RFXrKii+1rRdc0Ch0lC0HtiDqFwVERLBVn1jkREXUQATeFur6V6bspJtrEFNovc84nZrRSgRELOnnbWIIzMc+UwhMWSqwGkKOk9Imx5wE2gpGovGexHre19naBTPqaUL7DtghRfUHWG7o0JIgJYPommhe9r6G2xgWpgsKyPnqK0B7YhkTkzLtrbacIQvUp5GDs1BDhyTA15QMSjbTbBWM+ZtRJBtt3QRYYH1aHLk7GEWn0gFlRzNq5mOclCkFcuom+toRzvRzTVTTb1mn1JN7EGL1S5GfdbzuzwQCNwLxRZWYUkpURY7K05xfKFNKWyG0KSdOffEqyn7lKmEjq1RRJNgMtwe6EHWqo2ShubQoezdQ3EPH33A2FDX7VkjuiEmKg62Ov94ECIS/Z+GKyTYutJOhvqb/0gUylZcSAt9pIPjsYZoq5yhPSg7aw7lp1S15EkaADfcXiZ2ttJuUyruJt662E33Aho7RJpSSo1JQtbl2C/5GLEhQLAO1+Q7LxHVR4IS4nKOp32Ntf6wjN5KTWpGVlmip55byuQJ090V9QGWyQLRI1eZM5MmysqUaRDrnUG4uEtN7rP2j3RuRLoJglCQ4o7GGr1QQ3dKTtzMMZ6pl5RSyDlG0MCtazdaiSYVZxz2eu1BJuCSfCE/pFQSQkGx5Ew3bZU4bJELiQVyPlaI10VbrOQW6BF/CFPp18+ylI8oQEiT9k+UGTTnfs3PdAsgV1WbcJHTEA8kphupanDmIUtR5mHzVJmF6lNhDj1GXlUguqJUYqSxEhpaj1rjuhwiW5Aaw+AYSM4t5wkXSFXSi8RQstJJy6giDy6eimMqlEa6WiZwvhadxO66v1huSkZVOeamnfZbHhzJ7IuFS4OKdw3N4pwTXmcQN0dAdqcqllbMzLtH+9yK1UjvES8pLlTGaVGRDNphj2DuOyC0+oPyigpKrJJsQdQREuA0WUq+zvrEPVGktP5m0AIXraNMz9LTh3EFfw7XpfFWHJzoZ2WIKb6pcT9xQ2KSNCI9oYL4x0DilhJnoWE02tSDzKp6nLGUoJUBnRf2kE7HlsY8DyVRdlha90n7MWGgYrn6XW5Os0ydVJTcqoFKwm6VC46qhcdU84dL3H1kpRBk02+8q/vMSTCQTa+kY3wK474b4oSCKW4oSGIGUFb8ivZY5raV9pPduOY5xssvvYCDNnZ82LWh2wSOUNEg3tDhkm4F9oqe+kqwRoNjHifiuj6J9J3CMyrqpGJ5tm/Kz7II+Jj2nLq69o8Y+k6kU7jVhupCyeixZS1X/3iEpMI6cPVei5SxWCBuecW2ivJbbCFC+sU6SmGkpBccSm25JiVlcV4flVBDtXkwsfYDoKvcNYS47SbGj06bWQR0YTY6aRNybi9CE69tooUjjGlrSOgTNPfsSrh+NonpXElQWP0PDU8vsU4ptsfFV/hEvK323x4yNAppVfMvkNu2JJK1LVbMLGKHKVHGMz+rkKfLJ/G8pxXuCR84kPVMVvC7tbl2P8AdS1yP4lH5Qlwva1qOa4B5dkN0LZYJUq2m8QScLTLwJnsT1Z++6UOpZT/APTSD8YKrBeHAoF+SXMKO5mH3Hf5lGLbqToar4jw9IFS6hV5GWudnH0JPuJiDXjPD8wR6g7MT9v/ACko66PelNvjFlYw5QJGypKjybJ+8hhIPvtCyg0gWSkDwh5WJkvauvTTvQKKk2t2CJeiurpfD3E1acJSqadEoyTzCUgH4qX7orXrJU1lS7YC3V7YncauqpvDDD9JSLOT6zMLHM5iV/8AMIf01y79KpOD1XCNOkh7U06t9XvsPgkRtXCmnmRwhLrIsZhanbfD8oxrETZRUJCkJN/VGG2yB96wv8bx6IokkKdR5KRAt0DCEHxCRf4xeRyucT2Ojo6MMOjo6OgOiOxCFGkPpRurIkeagIkYjqxmcXJSyb/WTKSbdiQT+QgHzDQYZbZTs2kJHkIPHR0B0dHR0B0dHR0Bg3pCzuevU6SBuGJUqt3rUb/yiH3o7SA6Wr1Ip1S20wk+JJPyEVTjhOetY+m2ArSWaZa/4Ao/zRpPAKRMvhOanCLeszqsp7UpQkfPNF+hpsdHR0QYx6U2OJvCeBZenU2bXLzVYmC0VtqyqDKUkr1GupKR5x4WnJtTz5UpWpO8bT6TGOnMWY+qMoxMFchR3PUZdN9MyNHFea8w8EiMHefSl0C9osjW5MNJ9KUzAUrW/uiJnHi0sjcX+ES0y8FXJINtREROAKBI+MbjlUZMu6kc+WsV6qu6gnUbHWJqZ0SdSCDoe6IKoWWhQA31iCAmLtzKbG4MNJxBVe+sOphfVFt0KtCMwoEHXlEt0qszqCH7JToYhai2ofZsYsU8k9KlVtjEPUEhWYXvzAgK8rquAWvrB5sX7YB8ZXUnvh8tpBbGl7xEQLjWTc6wzcSDveJeZZBUSBtEcpklVyLWgGD6SABfxhsoBAuL77xIPtp1N9RDN1N0m0RXesuIUAe3yMO5So5F5Fk2vDYMdOwkp9oQ3WHUmy06jYiKiy5kPI6p0tE3hyeMs6llxdgCOtvbWKNKVFTByrUbd8TctPHqvNOWUnUERGbGoFQyHQfaAIO9je8RFRl0uj6u411gKHUxUZRalOJC2yM3LfSBmnltjquBWusRIiUyzoURltrtExIMOEAhClAEa374JKtqcWkqtcb9h1ibkpYJcCkFOYai/LWFLcLthbbJslacqNbHnfaKji2rplmVtkWUtRtrqe6LZUZxMnJKdWsJS2Ek35i0Y7ieuqmJlcwtR59Gi+g74nGJLpnOT4ZbUp9RzL2SDqBFfmZx2aVZJyo5JGwjlh+cWXFEkdsOJKV6R4i19No216NmpdZGo3h4iSsm6hEkiTCBmXrbSOKA64lKLBIMRPI0Yk7Opy3HlDv1LpAShVocobHWAAvtpApFgE3t4QP7MMjsuu7iQpPbDtpUu8i6bAmFXVsKAbzjv1ho7IOe3LnTxgnv2dXU2k31AG4iLeWVrJWTvAv+vS4HSu3STtHJcQsBYF+6C5hMSTrvsqNodMSqkEJcKSe6ExUigFOUJI2vBGn3CSdVuK7NYLdanwlxnR8OGeotfSG5SokKRNZbhhwCwzDs2N+REXCh4iwdwroFam040RiKoVKUfk5VhledRQ8ACle9kgpB1jA1mY0WHQ0f2tT5QiuelmjZa1ur312B8Izy4Tl2SpFoJEvlUdB7N4RaYE4VF9HUvoDEcJyZmnAEpOW/Lsick215AViw5CNyM8ujOepkswwp5u6VAXAvpEIJnrC19NIsE3LzE68lhWcMEjpFi17d14unC3DmDarjGWodWoiJmWeYcILjq84WmxBNiAeelofSTlntA4HxDW6PVJKvUedeYnqc6l9l1BN0FPbbla4I5gkGPqpgPEBxZg+h4nDXRGq0+XnSj7pcbCrfGPE+JqPSMLSYRhmjTMtLsLJm25FQStxrKdkkai4FyL3BO0eq/R2xTL4n4Y0gsLbzUxJpykIPsho5UAjtyBMJZU21qzRNrGHLRINrQ0aNzbsh22TmFjFiX2ds5hqTrHib08G5mWnnqpLOqadZfkJltaNFIWlJAI77290e2GztHjz08ZUGnTb5BP6LKODx6YiEvbp8fvtfOG8pSq7hCiVaflETbs3IsPLW/wDWFSlIBJ61+catQmpKTSlqWlGWwPuIAFvKMU9H+oCe4S4VmM1yJBts6809X8o16lv/AFiQdr84Y3xuNEp7RWgPZRr2RNyT+U62is06oKS6lAPVFonUKAeCgrQxLHo454rXT3QSIlCpKyAIrUnMJQoa27rxOyRzI6UqsNo1xkZ5JJJAF4RWu6ynujunAFucIIVdea/OOkjlaVWrKnXlDF16wv8AnDl9faqIuYdBulJjlznbfH0iZ2XK5NcvLJHTzJTLt/trISPiYmOJimXsZ0LDjP6mQZbSUjkL3+QhvRC3MYroEisD62dDtv8AdpK/mBEPW6uzOcQ6zVXHAUSwcS0e8DIPmY1J2vHui0pBruPmk+0HJpA8r6/C8ejhoLR574PLlpjGjb8y4lJAcWjMbZlEEAeOsehInKY1z+nR0dHRhh0dHR0B0MXkh2rS6SLhlpbnmSAPzh9EfJuB+rTyh/cpbZHuKj84CQjo6OgOjo6OgOjo6EZ18S0lMTJNg00tZ8gTAeTsdTpqWMqtNqVfpJ50JN/shRCf+ECPRfCqSEjgGkN2sXW1Pq7861K+REeW5mY6efW6rXMorPnHr/Dsp6jQKbJkWLMo0gjvCReNX9H0kYpvFvHbXDzA8/XrgzRT0Emgn2nlaA+A1Ue4RYcQYgpOF6U9WK1Npl5ZkaqO6jySBzJ7I8hcfOMMpxDDElLSbrUlIKWttK12zqOmZQHOw8rxFk1hNcnXX1OTTriluPrUtxR5qJuSffFRnXTc73ibqM6pXUSEpTfQAREtpDhLi0XtteKXpGOLfy5kgkGGE0qYP2T5xOzBAHIRETagCQIYxahn1TaQRYEdkRT4U4lQUnL33iYmV7n4RDTRBuRyhE/tW566HlJvoqEHFhbe+vfDmrJCgFp3TrEV02mpEA2nraKI2ivuOZphRPgIm51fUI5RXVOD1g9XnEzBH1BGV1NhudTEklsFpPbaGE6orTmPI3iSZILSfCCUwmGCLpG8M3JcgAG2oiXfKUA5gCYZBJUStQ2ME1CTbABygWhlMMFCCrlE8+yFLUop3hhNS+Zo5QdoCJprhupo6dkOn2LiI9kFp0k6WNol21pWmyt+yBUBONqTfkY6VnXZZSVBV0bEQ9qjBukpGpPZEclF0rQRqIi6s9Kqi2XUvy6va0Un7w7IuaJyVnWumY5m3ek98ZRIzapZ0JVsT7otmH6mlqcDKrFuYsk35K5GL7Z9LlKrUhQJIUCdCIscipKkkrTrYkXirpBQpKezQDnE7Kv5GEosCTaM4zbiD4iVVuRpy5dAUC84BcbWTrGQFmaqkwV2Njz5Wi9Y76arzrMoi4QyVqcN9Lkiw9wiAUy3LNhpq1gNTFk6DB1CG0BlpO1gTC0iwEvdhtCZCVzAPJO8LOudCguAdY6CKtO1ONAFOdOm8A2phxWVm5t2DSI2XYdeXa+VJN1HtiTbeDSShpI000EEswZaHGxdCcyu/aLlw4wLKYnlavXq9MPfR9HQ2FtS1ulfdcJyoTfbY+8RRg+sklSreEWvAXEJjCMzOSU8yt+lVdsMziGzZxBF8riQdyMx07DEv9JNS0xgzD1ap8xM4RkahKT8o0qY9TnilYfaT7RbWn7Q7DGcPThUcllJtyEbFRsbcNsAYZm2MNVCYqs06XXJdlTCkLC3AB1lKAASMoJ7bc4xJ8oN1reuo8htE479t3tzswPZUrN2DnCADxXdCQlJ2KtIBc6y2nK0hIVzsN4bqmHnb7gHaNB4sMJH6Q5nI5DQQgqoKaORkEX2hJpsrc6xvbt1hVtoKmHFKTcI02gaSWuamFWJOm9ok6ZR0mzsykknYQrIyaOjDiwNTmiRBA7hFY5UohmWaTkQ2BpC10gXGtvdDYknnpHKfWBZtBJ7ojNmlHPW3BZC0oHeLxaeEGdniHJlT4J6B29+zSKWtucWc+dQA1yhVr/CGTdRn5CoN1CSfcl5hlV0qB2PZFs2E3cetMVV6WkWWnJthbkst0NLeb1UyToF6bC+55Q64V8QV8KccNPqfBw7XXW25gITZtK1E/WdgOoP8XKPPCuLk5OySJOoSgUtCgrpULI1HO3mdIteH+IFAekXKJXpdRkJgdVxOq2Sewdl7nujE43i0+mzKgsJWDoQCCOcPGTfW0YLwi9IrAVWlqbhSrYjl2qkGkNMPOHK3MD2U9Y+yvkUm3deN5ZWkpBCgQRvG4lh4hQ25x5X9OeVz4amXco/8LK//TeB/OPU7Yvexjzt6Z0h6zgwkAkqpdQRp3ISofKDfx/8lK9FKfE7wao6Ve1LOzDJ7rOqI+BEbnIPkLT3GPNvoaTnS8MZqVJ1lqo6LHkFJQr8zHoWTcActmjUm1Yv8i8ovAj7VrRaQ9YoF+QvFKoc+jKEuEXTFhbmishV9OUTO3p2ZqzSryTrcxY5GayyuUXvmin09egtvFoklAyaTt1uUWRny32kS6sG977xzLpVlUdO6EVOXTYQLVgi1+2O8jjf6KPPlQ1RaxiNfWE3Vzh4+era4IiNmgVAa6Rx+SdtcKXwm04cWv1tSf0ehUx14q7HXLpQPcFRmKpl95ubqJvZ51QJ7yb/AJxozE96lw3xXVkqyqn55Mg0q+4QkJ+ZVFGnJZMphmmMgWXNKW+rzVYfBIhxrrx9nGFKHiCsLKqNJPvqb1Upsez2axp9FkcWSFMebnZaqomLHoiCohOmlrd8WTgxTE0/BTL2QBc26t0m2pHsj5fGL3FvyXj/AInO7Wfys5VUPS6HpmpIbS0oukhdyvSw1HjDhmtTjci245VZgTC3gjKpI6qCq1yCOyLxAFKSLEAjvifk36YVJNemhOTDaawktMNhQKkJOY2JI28IVaxTOFEuAqVeW6kqUkAgpFr9sWRcpKOfrJVlXigGEzTKar2qfLH/AOUn+kS8pfoU+e4kOyynGE01BcTdIV0hIv4WiNw5jr1ByYTPsqe9Yc6VSk6G530iz4nw/RvoaamG5Blp1tsqQpCcpvy2hvh7BFFbprD85Kl591AWpSlHS+tgBE3jvp0lknaRbxVJraZeVKzATMGzeiTf4w4ViCQbS6pxL6QybOEtk5fdBjQKXlQkMqAa1R1z1YK9h6RdbW30j6A4bqyr3Pu7ol8fpjoqut05DiGluuBbic6U9Cu5T27d4hI4koYTnVUEJTfLmUCBe9rXIjjQWjNpnfXZkuobLSb5LBJtyy90RsxgwuSaZNirLQEuBwKW0Fag35EczE6D17GGF5dRS9XJRJG4Lg0iu454g4XZwlVUSlblnpl6UcZabbXmUVLSUj53hrVuGlUnVTbqahJvrmRYFbam8oF7DTNcaxj2O+G+IcISyZ+ollyXcX0aXG3L9axNrb8o6Tjws9mqfT1MvVRlEw4EMrdQhxX3UFQBPkLmPabS23G0OMqSptSQUlJuCOVo8PScvNz86iUkZd1+YfWENttpKlKUdgAI1fDeCeMNEWyXmKwxT0glTMtUgOWgyIcuOXKE4eXdqWlfS0xKmXlqNh1qYGZXSTTyAdQNEoJ967eceT6u+pxDiybA8ovvE+qu1fGFRmH33nAhzogXllS7IGXUnXcHeMzrM0AShFtIzIqAmrqXYanlBVWaaCLAWEKskFwuqUOyG00u9yYHK/RlMKB0ERMyrU7GHsy6NREVMO2BveIxYYPqFlAmIiZtrvEjOL0vES+q4Ihv2iLnbEHSK5MhTbluRNxFmmCNQYgqkykgrBsRrAn9oqdXdF7XiAeumZSRYE7xMvKCk+1EPNBJmUX2VpEDZ3rNqHImHzLg6MDsiPfVlbWRyMLsF4IIyn3QQEw50iwi+kcspSkJvpCRJCzmBsIQceJGhgYF50W6o1hqVXFo5argq17oKVgak78oCKnZcJK1J8SLQdklyXS+3uNxDhzK4VAjSGUm4WFOtH2b3A7ohp3ZMwkZ0i4iOmJMNvBX2VGxhytwNuFxB6phR0ocZtfbWKneK/NsradKduYNodSU0oj2rEHzB7YPUh0jaHQNREawSh0WSNTaF9rPTUqdOKmJRt8rJK9SrnfnEwqZDUqFqX3+UUTDdRsgyingMhzJufeImajUFLaDKVGwGuu5jOalmI2emcyluG11qJ37YiHlBRyZ7dsLzSyo2CgYYvAAZluAeEVJCa0pRc9Kgkaw3DrjwTmN/wAoI402q6r7Qm10oOVCRrzMF9Hiy6hNgvKBy7YETTrgyNoOkIdIw11n3OkV2bCG7tQF/q0keG0D2kVAhI6Zy2nIw3cnpVo2Qi6k8zqYi3ph9/qlRt2QCG9BreLph05UH3R1Li+kNFl0nrLJhYIsYEtXF+QiKBhoKNiYdoYHIWhKXGQ5Tr2Q4QRr3CCE2Rlc0HOOGxSkC7i7XgGFJKyT5QpKsKce6UkWSTYRUsS0sEhIQVaAXMc24HVqXeyB36mGBnDLrOgIUDcd0LsOLWgFemY3IEGcPcwNte8QolXfrDdC0hI5kQu2oe0RcxdSw4RmCbW37YjqjTumCnwtNxqUjcw5cmiR0aCCs/CFWHWV5mcwKk7w2pmdxW0hKVZSIlqdl6EJXYqBuD3QlVpFLavWUHQ7j84YsTKm9W1WVE3G/wDlExPFbaEutuEFOm/IxecEekRxcwQ4z9DY2qKmGFAiWmXlPskD7JQsnTwtFGP6dL6kAFIvpsYjC2plZSfsmxi39nG9Y+t3APi3J8ZMASuKm2ES06lZl5+WQq6Wn0gE5eeUggjxit+lVJ+t4JaISCSmaZ/jZP8ASMB/7PfGiJStV7BszONoTUGUTUu0o2KnW7hWXtuhQv8AsR6W9IljpsGS5te04E/xNrEWdk65vK3oUThVhrEMkTbop1pYH7SLf8semZTMpyydTePJfoaznQVTFdMvYjoHLeClpj1dIKK3T1rEWNxG+EW3NWmnFxtQUoaaRZpaYGVOsVeRbbNrzJt3mLJKMNFCT0498dLwZ4/LFnpjybpzagxZpJ7OhISqyQdoqsg22hF+kBt3xMyU2Ejo7bc4nGy3K7WXPJPKc0NjB+kCU2vrEcqZvrcixhQTSCBcR12OfZ06sFsneGDjuZO+0KGZBBG8MXntbDS/O8cfla4P/9k=', '{-0.040299874,0.37343568,0.096679576,-0.2991934,-0.052005395,0.08266646,-0.05486243,-0.08746728,-0.019565783,-0.06370309,-0.10680413,0.036015607,-0.15720935,0.035987645,0.029863134,-0.16167486,0.13602099,0.0052527525,-0.0912538,-0.18348709,-0.19765618,0.14518826,0.30164227,-0.0711059,-0.033404864,-0.1746029,0.099763885,0.33633524,-0.032026157,-0.18172604,-0.36676803,0.1618918,-0.2065551,0.19293709,-0.07296936,0.13202591,0.058038376,0.037021503,0.006731837,-0.022729747,0.30444726,-0.007420758,-0.33269876,-0.18096475,-0.30254048,0.24677476,-0.009585721,0.24995764,0.1436961,-0.07550128,-0.06375158,-0.15619883,-0.11052684,-0.18728891,-0.056779653,-0.16911891,0.035261255,0.10581809,0.16335705,0.041026797,0.107116014,0.15399463,0.113173544,-0.090191014,0.0074723843,-0.28995222,0.28406033,-0.64535373,0.11091167,0.018252546,-0.6373304,-0.27117282,0.25278813,-0.008070009,-0.24169445,-0.019172372,0.06582116,-0.22498292,0.13678984,0.04457401,-0.23801616,-0.16050586,-0.14019416,0.0747361,-0.23075548,0.22912551,-0.2548892,-0.019742634,-0.05078622,-0.093642265,0.08254603,0.13698375,0.03769556,-0.010552958,0.057249144,-0.03388511,-0.042712748,0.27804363,0.11242631,0.03538932,-0.025346074,-0.049864013,-0.22823939,-0.02518836,-0.0038981615,-0.09778158,-0.34824103,0.094486564,0.052898753,-0.11516571,-0.1879983,0.04064515,0.25944674,-0.02871257,0.20218673,-0.16490918,0.0402319,0.03271649,0.1859538,0.11230841,-0.035368215,0.12774663,0.041459728,0.06614426,-0.0843879,-0.056107104,-0.22493017,0.303847,0.16844666,-0.027648509,-0.07268694,-0.085503265,-0.034501307,0.034589786,0.14004678,0.10549345,0.103287086,-0.07552348,0.030296989,0.027121441,-0.27560273,0.14865778,-0.017365674,-0.34591442,0.06308381,-0.14089195,-0.28579465,-0.10252341,-0.09031667,-0.11949479,0.24995849,0.10227065,-0.025937151,0.19106328,-0.39106452,-0.020290693,-0.04263124,0.023173898,-0.12921582,0.06765358,0.025396302,0.053648233,0.07181898,-0.21463653,0.05959782,0.05995314,0.25833097,0.28509977,-0.023980856,0.13002297,-0.071370825,0.07031522,0.168936,0.28312352,-0.1545287,0.06422201,-0.027854852,0.20530833,-0.12668785,-0.1300281,-0.4889346,0.10162103,0.032256216,0.15600832,0.16697758,0.34662014,0.052760653,-0.026687337,-0.09999363,-0.06490071,0.11732074,-0.008150221,-0.12949114,0.18235172,0.082911156,0.12923062,-0.048258983,0.046625838,0.06656981,-0.14479564,0.08895147,0.33125025,-0.010688001,-0.009278696,0.14734581,-0.056942657,-0.031763416,-0.10359277,-0.0668498,-0.043190308,-0.019887168,0.22740372,0.20862664,-0.045353208,0.06413013,0.33975703,-0.020592034,0.3840362,0.0529388,-0.17353408,-0.08376117,0.055187926,0.2125881,-0.14031895,0.025850192,0.21393017,-0.17807323,-0.008213982,0.1093763,0.1321266,-0.023528937,-0.12735774,0.2918734,-0.007814499,-0.16132972,-0.18571463,-0.06477543,0.063609116,0.13347119,0.030980295,-0.10524443,-0.10031054,-0.033167604,0.13947886,-0.2705812,-0.030145805,-0.030186405,-0.027458541,-0.019949611,-0.04249328,0.20437764,0.011041872,-0.116617575,-0.07028055,-0.47579134,0.13716783,-0.094033256,0.17185877,-0.25239223,-0.05753728,-0.26648828,0.15792158,-0.01879681,-0.15747596,-0.0812421,0.18758056,0.384743,-0.03973995,-0.040138066,0.24192886,0.1431791,-0.36625078,0.24229652,-0.15923342,-0.04945504,0.27443027,0.020269506,0.08259875,-0.16300362,-0.06355232,0.47029135,0.042194,-0.20760892,-0.06337062,-0.31397888,0.005849698,0.15930168,0.18506467,-0.29470843,0.16195467,-0.31063843,0.11554697,0.032383304,-0.21685512,-0.1302589,0.026444219,0.07485763,0.35487485,0.0866172,-0.11825889,0.04278595,0.16553813,-0.2541603,-0.20491384,0.0041583586,0.24700135,0.26399758,0.020663261,-0.1452491,-0.13138393,-0.0137039265,0.15410724,0.1002729,-0.11827374,0.13234846,-0.21505243,0.07526157,-0.28024796,0.033431713,-0.08233389,0.114921905,0.41356844,-0.06739013,-0.16496907,0.044365093,-0.14359787,0.12058836,-0.37105933,-0.28103182,-0.10892101,-0.030711392,-0.19972731,-0.24096498,-0.12105866,-0.15945561,0.04149644,-0.050753508,-0.018442422,-0.3598863,0.114519864,0.05585353,0.20928398,-0.045951135,-0.062549256,-0.20576762,-0.18906245,-0.035959203,0.10468924,0.13314043,-0.02185622,0.104435585,0.163601,-0.19860049,-0.0517043,0.06547426,0.0538496,0.22523755,0.31551626,-0.11782811,-0.105314635,0.18100199,-0.010884281,0.14431003,0.22066289,0.13442652,-0.12860793,-0.12202487,-0.3912558,0.082007125,-0.12610953,-0.12937622,0.03590915,0.1127966,-0.015974224,0.22399779,-0.18801431,0.053719945,-0.11761003,-0.028271884,-0.0869594,0.028664477,0.05844627,-0.045363326,0.09248977,0.13042957,-0.023865897,0.26103216,-0.04000488,-0.0704812,-0.050235774,-0.17340098,-0.31683478,-0.12932144,0.2005216,0.10482209,0.1776738,0.039950483,-0.019052649,-0.066889696,-0.12591922,0.16178437,0.06999975,-0.030094076,-0.15216887,0.022193206,-0.10313074,0.13071641,-0.07605336,0.019500198,0.028606977,-0.025423339,-0.071614556,0.28668615,-0.27340102,0.23327208,-0.06828231,0.067326546,0.098026834,0.06968037,0.07828903,-0.16871646,0.1379007,0.031109601,-0.13937984,0.12219623,0.108591646,-0.072291926,-0.2877364,-0.1951972,0.21201193,0.09546422,0.053097818,0.054924972,0.08833442,0.10670943,0.0110966265,-0.09669228,-0.056947373,-0.120495,-0.30773145,-0.071982265,0.43438414,0.057963513,-0.12103683,0.006892407,0.08036189,-0.047545195,-0.07061871,-0.35402715,-0.026264662,0.22297749,-0.058355182,-0.3512314,-0.005423913,0.19685948,0.06456598,-0.17913835,0.04651301,0.017601294,0.18641156,-0.007813301,-0.12745531,-0.22278021,0.02709191,0.124954246,0.27389613,0.31453168,-0.31914315,-0.016164899,0.10814292,0.16731721,-0.049169898,-0.053457536,-0.08644764,0.030430501,0.060416903,-0.07191431,-0.06509797,-0.050444838,0.3195903,-0.07140455,-0.12552266,-0.08258352,-0.09721926,0.06629938,-0.024565866,-0.023307681,0.12174154,0.150841,-0.04869232,0.2671238,-0.020874716,-0.08624683,0.1297006,0.045474645,0.07199317,0.4951418,0.12263276,-0.14889392,-0.03847396,0.09433127,-0.31455496,-0.30721104,-0.022451552,0.08390212,-0.2905155,0.21441929,-0.17499238,-0.018707532,0.051733814,-0.07809681,-0.5511983}', '2026-02-11 14:24:57.641383+08');

-- ----------------------------
-- Table structure for record_cameras
-- ----------------------------
DROP TABLE IF EXISTS "public"."record_cameras";
CREATE TABLE "public"."record_cameras" (
  "id" int8 NOT NULL DEFAULT nextval('record_cameras_id_seq'::regclass),
  "camera_ip" text COLLATE "pg_catalog"."default" NOT NULL,
  "location_name" text COLLATE "pg_catalog"."default" NOT NULL,
  "created_at" timestamptz(6) NOT NULL DEFAULT now()
)
;

-- ----------------------------
-- Records of record_cameras
-- ----------------------------
INSERT INTO "public"."record_cameras" VALUES (1, '50.139.158.111', '执法办案管理中心118特殊候问室', '2026-02-05 12:31:01.613536+08');
INSERT INTO "public"."record_cameras" VALUES (2, '50.139.158.112', '执法办案管理中心107未成年人讯问室南', '2026-02-05 12:31:01.635025+08');
INSERT INTO "public"."record_cameras" VALUES (3, '50.139.158.113', '执法办案中心111讯问室南', '2026-02-05 12:31:01.644215+08');
INSERT INTO "public"."record_cameras" VALUES (4, '50.139.158.114', '执法办案中心113讯问室北', '2026-02-05 12:31:01.654096+08');
INSERT INTO "public"."record_cameras" VALUES (5, '50.139.158.115', '执法办案中心115讯问室南', '2026-02-05 12:31:01.663145+08');
INSERT INTO "public"."record_cameras" VALUES (6, '50.139.158.116', '执法办案中心117讯问室北', '2026-02-05 12:31:01.671995+08');
INSERT INTO "public"."record_cameras" VALUES (7, '50.139.158.117', '执法办案中心107未成年讯问室北', '2026-02-05 12:31:01.681022+08');
INSERT INTO "public"."record_cameras" VALUES (8, '50.139.158.118', '执法办案中心108未成年人询问室南', '2026-02-05 12:31:01.689827+08');
INSERT INTO "public"."record_cameras" VALUES (9, '50.139.158.119', '执法办案中心111询问室北', '2026-02-05 12:31:01.698968+08');
INSERT INTO "public"."record_cameras" VALUES (10, '50.139.158.120', '执法办案中心118特殊讯问室南', '2026-02-05 12:31:01.708228+08');
INSERT INTO "public"."record_cameras" VALUES (11, '50.139.158.121', '执法办案中心110讯问室行政案件', '2026-02-05 12:31:01.719304+08');
INSERT INTO "public"."record_cameras" VALUES (12, '50.139.158.122', '执法办案中心110讯问室行政案件', '2026-02-05 12:31:01.73028+08');
INSERT INTO "public"."record_cameras" VALUES (13, '50.139.158.123', '执法办案中心109讯问室远程提讯南', '2026-02-05 12:31:01.739627+08');
INSERT INTO "public"."record_cameras" VALUES (15, '50.139.158.125', '执法办案中心116讯问室南', '2026-02-05 12:31:01.758179+08');
INSERT INTO "public"."record_cameras" VALUES (16, '50.139.158.126', '执法办案中心103辨认室北', '2026-02-05 12:31:01.767894+08');
INSERT INTO "public"."record_cameras" VALUES (17, '50.139.158.127', '执法办案中心113讯问室南', '2026-02-05 12:31:01.77769+08');
INSERT INTO "public"."record_cameras" VALUES (18, '50.139.158.128', '执法办案中心116讯问室北', '2026-02-05 12:31:01.787224+08');
INSERT INTO "public"."record_cameras" VALUES (19, '50.139.158.129', '办案中心117讯问室重案心理测试南', '2026-02-05 12:31:01.797748+08');
INSERT INTO "public"."record_cameras" VALUES (20, '50.139.158.130', '执法办案中心109讯问室远程提讯北', '2026-02-05 12:31:01.807633+08');
INSERT INTO "public"."record_cameras" VALUES (21, '50.139.158.131', '执法办案中心115讯问室北', '2026-02-05 12:31:01.817591+08');
INSERT INTO "public"."record_cameras" VALUES (22, '50.139.158.132', '执法办案中心112询问室北', '2026-02-05 12:31:01.827764+08');
INSERT INTO "public"."record_cameras" VALUES (23, '50.139.158.133', '执法办案中心112询问室南', '2026-02-05 12:31:01.836871+08');
INSERT INTO "public"."record_cameras" VALUES (24, '50.139.158.134', '执法办案中心104室候问室2东', '2026-02-05 12:31:01.84537+08');
INSERT INTO "public"."record_cameras" VALUES (25, '50.139.158.135', '执法办案中心102室医疗体检东北', '2026-02-05 12:31:01.853463+08');
INSERT INTO "public"."record_cameras" VALUES (26, '50.139.158.136', '执法办案中心104室候问室3东', '2026-02-05 12:31:01.861913+08');
INSERT INTO "public"."record_cameras" VALUES (27, '50.139.158.137', '执法办案中心105特殊候问室2', '2026-02-05 12:31:01.870054+08');
INSERT INTO "public"."record_cameras" VALUES (28, '50.139.158.138', '执法办案中心104室候问室5东', '2026-02-05 12:31:01.878034+08');
INSERT INTO "public"."record_cameras" VALUES (29, '50.139.158.139', '执法办案中心104室候问室1东', '2026-02-05 12:31:01.886306+08');
INSERT INTO "public"."record_cameras" VALUES (30, '50.139.158.140', '执法办案中心104室候问室2西', '2026-02-05 12:31:01.895219+08');
INSERT INTO "public"."record_cameras" VALUES (31, '50.139.158.141', '执法办案中心114讯问室北', '2026-02-05 12:31:01.903208+08');
INSERT INTO "public"."record_cameras" VALUES (32, '50.139.158.142', '执法办案中心走道104门南-西', '2026-02-05 12:31:01.910765+08');
INSERT INTO "public"."record_cameras" VALUES (33, '50.139.158.143', '执法办案中心104室候问室6西', '2026-02-05 12:31:01.918986+08');
INSERT INTO "public"."record_cameras" VALUES (34, '50.139.158.144', '执法办案中心104室候问室6东', '2026-02-05 12:31:01.928088+08');
INSERT INTO "public"."record_cameras" VALUES (35, '50.139.158.145', '执法办案中心104室候问室4东', '2026-02-05 12:31:01.93659+08');
INSERT INTO "public"."record_cameras" VALUES (36, '50.139.158.146', '执法办案中心104室候问室4西', '2026-02-05 12:31:01.945065+08');
INSERT INTO "public"."record_cameras" VALUES (37, '50.139.158.147', '执法办案中心104室候问室5西', '2026-02-05 12:31:01.953852+08');
INSERT INTO "public"."record_cameras" VALUES (38, '50.139.158.148', '执法办案中心104室候问室3西', '2026-02-05 12:31:01.961909+08');
INSERT INTO "public"."record_cameras" VALUES (39, '50.139.158.149', '执法办案中心登记大厅东北', '2026-02-05 12:31:01.971149+08');
INSERT INTO "public"."record_cameras" VALUES (40, '50.139.158.150', '执法办案中心104室候问室1西', '2026-02-05 12:31:01.979256+08');
INSERT INTO "public"."record_cameras" VALUES (41, '50.139.158.151', '执法办案中心105室特殊候问室南', '2026-02-05 12:31:01.987778+08');
INSERT INTO "public"."record_cameras" VALUES (42, '50.139.158.152', '执法办案中心走道102门南-东', '2026-02-05 12:31:01.995854+08');
INSERT INTO "public"."record_cameras" VALUES (43, '50.139.158.153', '执法办案中心信息采集东-南', '2026-02-05 12:31:02.003967+08');
INSERT INTO "public"."record_cameras" VALUES (44, '50.139.158.154', '执法办案中心走道108门前', '2026-02-05 12:31:02.011249+08');
INSERT INTO "public"."record_cameras" VALUES (45, '50.139.158.155', '执法办案中心105特殊候问室3', '2026-02-05 12:31:02.019163+08');
INSERT INTO "public"."record_cameras" VALUES (46, '50.139.158.156', '执法办案中心休息就餐室东南', '2026-02-05 12:31:02.026412+08');
INSERT INTO "public"."record_cameras" VALUES (47, '50.139.158.157', '执法办案中心休息就餐室西北', '2026-02-05 12:31:02.034432+08');
INSERT INTO "public"."record_cameras" VALUES (48, '50.139.158.158', '执法办案中心登记大厅东南', '2026-02-05 12:31:02.042022+08');
INSERT INTO "public"."record_cameras" VALUES (49, '50.139.158.159', '执法办案中心走道118门南-西', '2026-02-05 12:31:02.050069+08');
INSERT INTO "public"."record_cameras" VALUES (51, '50.139.158.161', '执法办案中心104室候问厅北', '2026-02-05 12:31:02.065198+08');
INSERT INTO "public"."record_cameras" VALUES (52, '50.139.158.162', '执法办案中心律师会见空东南', '2026-02-05 12:31:02.072617+08');
INSERT INTO "public"."record_cameras" VALUES (53, '50.139.158.163', '执法办案中心105特殊候问室北', '2026-02-05 12:31:02.07978+08');
INSERT INTO "public"."record_cameras" VALUES (54, '50.139.158.164', '执法办案中心登记大厅西北', '2026-02-05 12:31:02.086651+08');
INSERT INTO "public"."record_cameras" VALUES (55, '50.139.158.165', '执法办案中心走道114室门南-东', '2026-02-05 12:31:02.09383+08');
INSERT INTO "public"."record_cameras" VALUES (56, '50.139.158.166', '执法办案中心走道104候问室门南-东', '2026-02-05 12:31:02.101259+08');
INSERT INTO "public"."record_cameras" VALUES (57, '50.139.158.167', '执法办案中心登记大厅西南', '2026-02-05 12:31:02.108934+08');
INSERT INTO "public"."record_cameras" VALUES (58, '50.139.158.168', '执法办案中心104室候问厅南', '2026-02-05 12:31:02.116187+08');
INSERT INTO "public"."record_cameras" VALUES (60, '50.139.158.170', '执法办案中心102室医疗体检西北', '2026-02-05 12:31:02.131156+08');
INSERT INTO "public"."record_cameras" VALUES (61, '50.139.158.171', '执法办案中心102室医疗体检西南', '2026-02-05 12:31:02.138669+08');
INSERT INTO "public"."record_cameras" VALUES (62, '50.139.158.172', '执法办案中心201卷宗管理室西北', '2026-02-05 12:31:02.145805+08');
INSERT INTO "public"."record_cameras" VALUES (63, '50.139.158.173', '执法办案中心103辨认室南', '2026-02-05 12:31:02.152632+08');
INSERT INTO "public"."record_cameras" VALUES (64, '50.139.158.174', '执法办案中心202卷宗保管室东北', '2026-02-05 12:31:02.160576+08');
INSERT INTO "public"."record_cameras" VALUES (65, '50.139.158.175', '执法办案中心201卷宗管理室东南', '2026-02-05 12:31:02.168238+08');
INSERT INTO "public"."record_cameras" VALUES (66, '50.139.158.176', '执法办案中心202卷宗保管室东南', '2026-02-05 12:31:02.175457+08');
INSERT INTO "public"."record_cameras" VALUES (67, '50.139.158.177', '案件管理中心西南', '2026-02-05 12:31:02.182733+08');
INSERT INTO "public"."record_cameras" VALUES (68, '50.139.158.178', '执法办案中心102室医疗体检东南', '2026-02-05 12:31:02.190228+08');
INSERT INTO "public"."record_cameras" VALUES (69, '50.139.158.179', '执法办案中心106卫生间女厕所', '2026-02-05 12:31:02.197591+08');
INSERT INTO "public"."record_cameras" VALUES (70, '50.139.158.180', '执法办案中心人身安全检查区西南', '2026-02-05 12:31:02.205988+08');
INSERT INTO "public"."record_cameras" VALUES (71, '50.139.158.181', '执法办案中心201卷宗管理室东北', '2026-02-05 12:31:02.213485+08');
INSERT INTO "public"."record_cameras" VALUES (72, '50.139.158.182', '执法办案中心106卫生间男厕所', '2026-02-05 12:31:02.221291+08');
INSERT INTO "public"."record_cameras" VALUES (73, '50.139.158.183', '执法办案中心信息采集区柱子北', '2026-02-05 12:31:02.228433+08');
INSERT INTO "public"."record_cameras" VALUES (74, '50.139.158.184', '执法办案中心108未成年人询问室北', '2026-02-05 12:31:02.236418+08');
INSERT INTO "public"."record_cameras" VALUES (75, '50.139.158.185', '执法办案中心114室询问室南', '2026-02-05 12:31:02.244139+08');
INSERT INTO "public"."record_cameras" VALUES (76, '50.139.158.186', '执法办案中心律师会见室西北', '2026-02-05 12:31:02.251828+08');
INSERT INTO "public"."record_cameras" VALUES (77, '50.139.158.187', '执法办案中心人身安全检查区东南', '2026-02-05 12:31:02.259071+08');
INSERT INTO "public"."record_cameras" VALUES (78, '50.139.158.188', '案件管理中心大厅东北', '2026-02-05 12:31:02.266177+08');
INSERT INTO "public"."record_cameras" VALUES (79, '50.139.158.189', '执法办案中心信息采集区西北', '2026-02-05 12:31:02.273857+08');
INSERT INTO "public"."record_cameras" VALUES (14, '50.139.158.124', '执法办案中心105特殊候问室1', '2026-02-05 12:31:01.749063+08');
INSERT INTO "public"."record_cameras" VALUES (50, '50.139.158.160', '执法办案中心104室门口走道-西', '2026-02-05 12:31:02.057543+08');
INSERT INTO "public"."record_cameras" VALUES (80, '50.139.158.190', '执法办案中心106卫生间洗手台', '2026-02-05 12:31:02.28077+08');
INSERT INTO "public"."record_cameras" VALUES (81, '50.139.158.191', '执法办案中心2楼走廊西', '2026-02-05 12:31:02.29274+08');
INSERT INTO "public"."record_cameras" VALUES (82, '50.139.158.192', '执法办案中心2楼走廊东', '2026-02-05 12:31:02.302361+08');
INSERT INTO "public"."record_cameras" VALUES (83, '50.139.158.193', '执法办案中心3楼走廊西', '2026-02-05 12:31:02.311326+08');
INSERT INTO "public"."record_cameras" VALUES (84, '50.139.158.194', '执法办案中心3楼走廊东', '2026-02-05 12:31:02.319945+08');
INSERT INTO "public"."record_cameras" VALUES (85, '50.139.158.195', '执法办案中心202卷宗室西北', '2026-02-05 12:31:02.328529+08');
INSERT INTO "public"."record_cameras" VALUES (86, '50.139.158.196', '法制大队2楼201室西南角', '2026-02-05 12:31:02.336818+08');
INSERT INTO "public"."record_cameras" VALUES (87, '50.139.158.197', '法制大队2楼202室西南角', '2026-02-05 12:31:02.344785+08');
INSERT INTO "public"."record_cameras" VALUES (88, '50.139.158.198', '法制大队2楼机房', '2026-02-05 12:31:02.352367+08');
INSERT INTO "public"."record_cameras" VALUES (89, '50.139.158.199', '执法办案中心物品登记区东', '2026-02-05 12:31:02.360027+08');
INSERT INTO "public"."record_cameras" VALUES (59, '50.139.158.169', '执法办案中心走道114门前-西', '2026-02-05 12:31:02.123669+08');

-- ----------------------------
-- Table structure for track_records
-- ----------------------------
DROP TABLE IF EXISTS "public"."track_records";
CREATE TABLE "public"."track_records" (
  "id" int8 NOT NULL DEFAULT nextval('track_records_id_seq'::regclass),
  "person_id" uuid NOT NULL,
  "snap_time" timestamptz(6) NOT NULL,
  "snap_location" text COLLATE "pg_catalog"."default",
  "snap_camera_ip" text COLLATE "pg_catalog"."default" NOT NULL,
  "record_camera_ip" text COLLATE "pg_catalog"."default",
  "record_start_time" timestamptz(6) NOT NULL,
  "record_end_time" timestamptz(6),
  "created_at" timestamptz(6) NOT NULL DEFAULT now()
)
;

-- ----------------------------
-- Records of track_records
-- ----------------------------
INSERT INTO "public"."track_records" VALUES (2, 'b6fa7504-2073-4d35-8f6a-f8b483e970e5', '2026-02-11 14:22:32.95+08', '执法办案中心104室候问室2东', '50.139.157.34', '50.139.158.134', '2026-02-11 14:22:32.95+08', NULL, '2026-02-11 14:26:06.925351+08');
INSERT INTO "public"."track_records" VALUES (25, 'b6fa7504-2073-4d35-8f6a-f8b483e970e5', '2026-02-11 14:20:16.96+08', '执法办案中心104室候问厅南', '50.139.157.21', '50.139.158.168', '2026-02-11 14:20:16.96+08', NULL, '2026-02-11 14:28:06.196965+08');
INSERT INTO "public"."track_records" VALUES (3, 'b6fa7504-2073-4d35-8f6a-f8b483e970e5', '2026-02-11 14:22:52.98+08', '执法办案中心104室候问厅北', '50.139.157.35', '50.139.158.161', '2026-02-11 14:22:52.98+08', NULL, '2026-02-11 14:26:49.960594+08');
INSERT INTO "public"."track_records" VALUES (37, 'b6fa7504-2073-4d35-8f6a-f8b483e970e5', '2026-02-11 14:24:36.13+08', '执法办案中心104室候问厅北', '50.139.157.35', '50.139.158.161', '2026-02-11 14:24:36.13+08', NULL, '2026-02-11 14:28:33.210495+08');
INSERT INTO "public"."track_records" VALUES (4, 'b6fa7504-2073-4d35-8f6a-f8b483e970e5', '2026-02-11 14:46:09.86+08', '执法办案中心信息采集区西北', '50.139.157.10', '50.139.158.189', '2026-02-11 14:46:09.86+08', NULL, '2026-02-11 14:27:28.387564+08');
INSERT INTO "public"."track_records" VALUES (26, 'b6fa7504-2073-4d35-8f6a-f8b483e970e5', '2026-02-11 14:24:10.11+08', '执法办案中心104室候问厅北', '50.139.157.35', '50.139.158.161', '2026-02-11 14:24:10.11+08', NULL, '2026-02-11 14:28:07.15957+08');
INSERT INTO "public"."track_records" VALUES (5, 'b6fa7504-2073-4d35-8f6a-f8b483e970e5', '2026-02-11 14:46:09.2+08', '执法办案中心信息采集区西北', '50.139.157.10', '50.139.158.189', '2026-02-11 14:46:09.2+08', NULL, '2026-02-11 14:27:28.499968+08');
INSERT INTO "public"."track_records" VALUES (43, 'b6fa7504-2073-4d35-8f6a-f8b483e970e5', '2026-02-11 14:21:03.17+08', '执法办案中心104室候问厅南', '50.139.157.21', '50.139.158.168', '2026-02-11 14:21:03.17+08', NULL, '2026-02-11 14:28:52.501514+08');
INSERT INTO "public"."track_records" VALUES (6, 'b6fa7504-2073-4d35-8f6a-f8b483e970e5', '2026-02-11 13:32:20.43+08', '执法办案中心信息采集区西北', '50.139.157.7', '50.139.158.189', '2026-02-11 13:32:20.43+08', NULL, '2026-02-11 14:27:32.242974+08');
INSERT INTO "public"."track_records" VALUES (27, 'b6fa7504-2073-4d35-8f6a-f8b483e970e5', '2026-02-11 14:24:11.32+08', '执法办案中心104室候问厅北', '50.139.157.35', '50.139.158.161', '2026-02-11 14:24:11.32+08', NULL, '2026-02-11 14:28:09.160287+08');
INSERT INTO "public"."track_records" VALUES (7, 'b6fa7504-2073-4d35-8f6a-f8b483e970e5', '2026-02-11 14:46:13.87+08', '执法办案中心信息采集区西北', '50.139.157.10', '50.139.158.189', '2026-02-11 14:46:13.87+08', NULL, '2026-02-11 14:27:32.388887+08');
INSERT INTO "public"."track_records" VALUES (38, 'b6fa7504-2073-4d35-8f6a-f8b483e970e5', '2026-02-11 14:24:37.11+08', '执法办案中心104室候问厅北', '50.139.157.35', '50.139.158.161', '2026-02-11 14:24:37.11+08', NULL, '2026-02-11 14:28:34.62811+08');
INSERT INTO "public"."track_records" VALUES (8, 'b6fa7504-2073-4d35-8f6a-f8b483e970e5', '2026-02-11 13:32:21.55+08', '执法办案中心信息采集区西北', '50.139.157.7', '50.139.158.189', '2026-02-11 13:32:21.55+08', NULL, '2026-02-11 14:27:33.151981+08');
INSERT INTO "public"."track_records" VALUES (28, 'b6fa7504-2073-4d35-8f6a-f8b483e970e5', '2026-02-11 14:24:12.41+08', '执法办案中心104室候问厅北', '50.139.157.35', '50.139.158.161', '2026-02-11 14:24:12.41+08', NULL, '2026-02-11 14:28:10.173401+08');
INSERT INTO "public"."track_records" VALUES (9, 'b6fa7504-2073-4d35-8f6a-f8b483e970e5', '2026-02-11 13:25:12.92+08', '执法办案中心人身安全检查区西南', '50.139.157.8', '50.139.158.180', '2026-02-11 13:25:12.92+08', NULL, '2026-02-11 14:27:33.40983+08');
INSERT INTO "public"."track_records" VALUES (46, 'b6fa7504-2073-4d35-8f6a-f8b483e970e5', '2026-02-11 14:45:30.47+08', '执法办案中心106卫生间洗手台', '50.139.157.22', '50.139.158.190', '2026-02-11 14:45:30.47+08', NULL, '2026-02-11 14:28:57.741098+08');
INSERT INTO "public"."track_records" VALUES (10, 'b6fa7504-2073-4d35-8f6a-f8b483e970e5', '2026-02-11 13:32:24.67+08', '执法办案中心信息采集区西北', '50.139.157.7', '50.139.158.189', '2026-02-11 13:32:24.67+08', NULL, '2026-02-11 14:27:36.035811+08');
INSERT INTO "public"."track_records" VALUES (29, 'b6fa7504-2073-4d35-8f6a-f8b483e970e5', '2026-02-11 14:27:01.6+08', '执法办案中心104室候问室4西', '50.139.157.33', '50.139.158.146', '2026-02-11 14:27:01.6+08', NULL, '2026-02-11 14:28:11.18602+08');
INSERT INTO "public"."track_records" VALUES (11, 'b6fa7504-2073-4d35-8f6a-f8b483e970e5', '2026-02-11 14:19:49.35+08', '执法办案中心104室候问厅南', '50.139.157.21', '50.139.158.168', '2026-02-11 14:19:49.35+08', NULL, '2026-02-11 14:27:38.382755+08');
INSERT INTO "public"."track_records" VALUES (39, 'b6fa7504-2073-4d35-8f6a-f8b483e970e5', '2026-02-11 14:45:20.94+08', '执法办案中心106卫生间洗手台', '50.139.157.22', '50.139.158.190', '2026-02-11 14:45:20.94+08', NULL, '2026-02-11 14:28:47.824114+08');
INSERT INTO "public"."track_records" VALUES (12, 'b6fa7504-2073-4d35-8f6a-f8b483e970e5', '2026-02-11 13:25:17.34+08', '执法办案中心人身安全检查区西南', '50.139.157.8', '50.139.158.180', '2026-02-11 13:25:17.34+08', NULL, '2026-02-11 14:27:38.445067+08');
INSERT INTO "public"."track_records" VALUES (30, 'b6fa7504-2073-4d35-8f6a-f8b483e970e5', '2026-02-11 14:24:20.26+08', '执法办案中心104室候问厅北', '50.139.157.35', '50.139.158.161', '2026-02-11 14:24:20.26+08', NULL, '2026-02-11 14:28:18.218016+08');
INSERT INTO "public"."track_records" VALUES (13, 'b6fa7504-2073-4d35-8f6a-f8b483e970e5', '2026-02-11 14:23:48.79+08', '执法办案中心104室候问厅北', '50.139.157.35', '50.139.158.161', '2026-02-11 14:23:48.79+08', NULL, '2026-02-11 14:27:46.027073+08');
INSERT INTO "public"."track_records" VALUES (44, 'b6fa7504-2073-4d35-8f6a-f8b483e970e5', '2026-02-11 14:21:03.94+08', '执法办案中心104室候问厅南', '50.139.157.21', '50.139.158.168', '2026-02-11 14:21:03.94+08', NULL, '2026-02-11 14:28:53.426537+08');
INSERT INTO "public"."track_records" VALUES (14, 'b6fa7504-2073-4d35-8f6a-f8b483e970e5', '2026-02-11 14:42:36.16+08', '执法办案中心走道104门南-西', '50.139.157.19', '50.139.158.142', '2026-02-11 14:42:36.16+08', NULL, '2026-02-11 14:27:47.406706+08');
INSERT INTO "public"."track_records" VALUES (31, 'b6fa7504-2073-4d35-8f6a-f8b483e970e5', '2026-02-11 14:20:31.93+08', '执法办案中心104室候问厅南', '50.139.157.21', '50.139.158.168', '2026-02-11 14:20:31.93+08', NULL, '2026-02-11 14:28:21.194121+08');
INSERT INTO "public"."track_records" VALUES (15, 'b6fa7504-2073-4d35-8f6a-f8b483e970e5', '2026-02-11 14:23:50.98+08', '执法办案中心104室候问厅北', '50.139.157.35', '50.139.158.161', '2026-02-11 14:23:50.98+08', NULL, '2026-02-11 14:27:48.027788+08');
INSERT INTO "public"."track_records" VALUES (40, 'b6fa7504-2073-4d35-8f6a-f8b483e970e5', '2026-02-11 14:18:05.35+08', '执法办案中心走道104候问室门南-东', '50.139.157.18', '50.139.158.166', '2026-02-11 14:18:05.35+08', NULL, '2026-02-11 14:28:49.221318+08');
INSERT INTO "public"."track_records" VALUES (16, 'b6fa7504-2073-4d35-8f6a-f8b483e970e5', '2026-02-11 14:20:00.83+08', '执法办案中心104室候问厅南', '50.139.157.21', '50.139.158.168', '2026-02-11 14:20:00.83+08', NULL, '2026-02-11 14:27:50.47032+08');
INSERT INTO "public"."track_records" VALUES (32, 'b6fa7504-2073-4d35-8f6a-f8b483e970e5', '2026-02-11 14:20:36.11+08', '执法办案中心104室候问厅南', '50.139.157.21', '50.139.158.168', '2026-02-11 14:20:36.11+08', NULL, '2026-02-11 14:28:25.212336+08');
INSERT INTO "public"."track_records" VALUES (17, 'b6fa7504-2073-4d35-8f6a-f8b483e970e5', '2026-02-11 14:23:53.31+08', '执法办案中心104室候问厅北', '50.139.157.35', '50.139.158.161', '2026-02-11 14:23:53.31+08', NULL, '2026-02-11 14:27:51.387378+08');
INSERT INTO "public"."track_records" VALUES (18, 'b6fa7504-2073-4d35-8f6a-f8b483e970e5', '2026-02-11 14:23:55.76+08', '执法办案中心104室候问厅北', '50.139.157.35', '50.139.158.161', '2026-02-11 14:23:55.76+08', NULL, '2026-02-11 14:27:53.238113+08');
INSERT INTO "public"."track_records" VALUES (33, 'b6fa7504-2073-4d35-8f6a-f8b483e970e5', '2026-02-11 14:24:29.58+08', '执法办案中心104室候问厅北', '50.139.157.35', '50.139.158.161', '2026-02-11 14:24:29.58+08', NULL, '2026-02-11 14:28:27.217324+08');
INSERT INTO "public"."track_records" VALUES (19, 'b6fa7504-2073-4d35-8f6a-f8b483e970e5', '2026-02-11 14:23:55.48+08', '执法办案中心104室候问厅北', '50.139.157.35', '50.139.158.161', '2026-02-11 14:23:55.48+08', NULL, '2026-02-11 14:27:53.555187+08');
INSERT INTO "public"."track_records" VALUES (41, 'b6fa7504-2073-4d35-8f6a-f8b483e970e5', '2026-02-11 14:45:22+08', '执法办案中心106卫生间洗手台', '50.139.157.22', '50.139.158.190', '2026-02-11 14:45:22+08', NULL, '2026-02-11 14:28:49.34182+08');
INSERT INTO "public"."track_records" VALUES (20, 'b6fa7504-2073-4d35-8f6a-f8b483e970e5', '2026-02-11 14:23:56.65+08', '执法办案中心104室候问厅北', '50.139.157.35', '50.139.158.161', '2026-02-11 14:23:56.65+08', NULL, '2026-02-11 14:27:54.08413+08');
INSERT INTO "public"."track_records" VALUES (34, 'b6fa7504-2073-4d35-8f6a-f8b483e970e5', '2026-02-11 14:24:32.1+08', '执法办案中心104室候问厅北', '50.139.157.35', '50.139.158.161', '2026-02-11 14:24:32.1+08', NULL, '2026-02-11 14:28:29.313902+08');
INSERT INTO "public"."track_records" VALUES (21, 'b6fa7504-2073-4d35-8f6a-f8b483e970e5', '2026-02-11 14:20:13.97+08', '执法办案中心104室候问室3西', '50.139.157.31', '50.139.158.148', '2026-02-11 14:20:13.97+08', NULL, '2026-02-11 14:27:56.07228+08');
INSERT INTO "public"."track_records" VALUES (1, 'b6fa7504-2073-4d35-8f6a-f8b483e970e5', '2026-02-11 14:51:34.47+08', '执法办案中心登记大厅西南', '50.139.157.3', '50.139.158.167', '2026-02-11 14:51:34.47+08', '2026-02-11 14:51:35.26+08', '2026-02-11 14:25:21.923413+08');
INSERT INTO "public"."track_records" VALUES (22, 'b6fa7504-2073-4d35-8f6a-f8b483e970e5', '2026-02-11 14:23:59.82+08', '执法办案中心104室候问厅北', '50.139.157.35', '50.139.158.161', '2026-02-11 14:23:59.82+08', NULL, '2026-02-11 14:27:57.097696+08');
INSERT INTO "public"."track_records" VALUES (35, 'b6fa7504-2073-4d35-8f6a-f8b483e970e5', '2026-02-11 14:17:46.14+08', '执法办案中心走道104候问室门南-东', '50.139.157.18', '50.139.158.166', '2026-02-11 14:17:46.14+08', NULL, '2026-02-11 14:28:29.647269+08');
INSERT INTO "public"."track_records" VALUES (23, 'b6fa7504-2073-4d35-8f6a-f8b483e970e5', '2026-02-11 14:20:14.19+08', '执法办案中心104室候问厅南', '50.139.157.21', '50.139.158.168', '2026-02-11 14:20:14.19+08', NULL, '2026-02-11 14:28:03.154164+08');
INSERT INTO "public"."track_records" VALUES (24, 'b6fa7504-2073-4d35-8f6a-f8b483e970e5', '2026-02-11 14:20:15.67+08', '执法办案中心104室候问厅南', '50.139.157.21', '50.139.158.168', '2026-02-11 14:20:15.67+08', NULL, '2026-02-11 14:28:05.181668+08');
INSERT INTO "public"."track_records" VALUES (45, 'b6fa7504-2073-4d35-8f6a-f8b483e970e5', '2026-02-11 14:45:27.99+08', '执法办案中心106卫生间洗手台', '50.139.157.22', '50.139.158.190', '2026-02-11 14:45:27.99+08', NULL, '2026-02-11 14:28:54.439806+08');
INSERT INTO "public"."track_records" VALUES (36, 'b6fa7504-2073-4d35-8f6a-f8b483e970e5', '2026-02-11 14:42:05.89+08', '执法办案中心走道104门南-西', '50.139.157.15', '50.139.158.142', '2026-02-11 14:42:05.89+08', NULL, '2026-02-11 14:28:30.21463+08');
INSERT INTO "public"."track_records" VALUES (47, 'b6fa7504-2073-4d35-8f6a-f8b483e970e5', '2026-02-11 14:36:38.16+08', '执法办案中心105室特殊候问室南', '50.139.157.23', '50.139.158.151', '2026-02-11 14:36:38.16+08', NULL, '2026-02-11 14:29:14.900788+08');
INSERT INTO "public"."track_records" VALUES (48, 'b6fa7504-2073-4d35-8f6a-f8b483e970e5', '2026-02-11 14:36:38.16+08', '执法办案中心105室特殊候问室南', '50.139.157.23', '50.139.158.151', '2026-02-11 14:36:38.16+08', NULL, '2026-02-11 14:29:15.017077+08');
INSERT INTO "public"."track_records" VALUES (49, 'b6fa7504-2073-4d35-8f6a-f8b483e970e5', '2026-02-11 14:36:39.8+08', '执法办案中心105室特殊候问室南', '50.139.157.23', '50.139.158.151', '2026-02-11 14:36:39.8+08', NULL, '2026-02-11 14:29:15.580931+08');
INSERT INTO "public"."track_records" VALUES (50, 'b6fa7504-2073-4d35-8f6a-f8b483e970e5', '2026-02-11 14:36:43.19+08', '执法办案中心105室特殊候问室南', '50.139.157.23', '50.139.158.151', '2026-02-11 14:36:43.19+08', NULL, '2026-02-11 14:29:19.6996+08');
INSERT INTO "public"."track_records" VALUES (51, 'b6fa7504-2073-4d35-8f6a-f8b483e970e5', '2026-02-11 14:36:46.27+08', '执法办案中心105室特殊候问室南', '50.139.157.23', '50.139.158.151', '2026-02-11 14:36:46.27+08', NULL, '2026-02-11 14:29:22.636477+08');
INSERT INTO "public"."track_records" VALUES (52, 'b6fa7504-2073-4d35-8f6a-f8b483e970e5', '2026-02-11 14:50:29.82+08', '执法办案中心105特殊候问室3', '50.139.157.26', '50.139.158.155', '2026-02-11 14:50:29.82+08', NULL, '2026-02-11 14:29:31.781823+08');
INSERT INTO "public"."track_records" VALUES (53, 'b6fa7504-2073-4d35-8f6a-f8b483e970e5', '2026-02-11 14:36:56.32+08', '执法办案中心105室特殊候问室南', '50.139.157.23', '50.139.158.151', '2026-02-11 14:36:56.32+08', NULL, '2026-02-11 14:29:32.653865+08');
INSERT INTO "public"."track_records" VALUES (75, 'b6fa7504-2073-4d35-8f6a-f8b483e970e5', '2026-02-11 14:47:50.92+08', '执法办案中心走道114门前-西', '50.139.157.16', '50.139.158.169', '2026-02-11 14:47:50.92+08', NULL, '2026-02-11 14:31:08.017313+08');
INSERT INTO "public"."track_records" VALUES (54, 'b6fa7504-2073-4d35-8f6a-f8b483e970e5', '2026-02-11 14:28:18.18+08', '执法办案中心105特殊候问室2', '50.139.157.25', '50.139.158.137', '2026-02-11 14:28:18.18+08', NULL, '2026-02-11 14:29:46.669924+08');
INSERT INTO "public"."track_records" VALUES (87, 'b6fa7504-2073-4d35-8f6a-f8b483e970e5', '2026-02-11 14:48:26.47+08', '执法办案中心106卫生间洗手台', '50.139.157.22', '50.139.158.190', '2026-02-11 14:48:26.47+08', NULL, '2026-02-11 14:31:53.106586+08');
INSERT INTO "public"."track_records" VALUES (55, 'b6fa7504-2073-4d35-8f6a-f8b483e970e5', '2026-02-11 14:46:39.42+08', '执法办案中心走道114门前-西', '50.139.157.16', '50.139.158.169', '2026-02-11 14:46:39.42+08', NULL, '2026-02-11 14:29:56.731899+08');
INSERT INTO "public"."track_records" VALUES (76, 'b6fa7504-2073-4d35-8f6a-f8b483e970e5', '2026-02-11 14:23:19.15+08', '执法办案中心104室候问厅南', '50.139.157.21', '50.139.158.168', '2026-02-11 14:23:19.15+08', NULL, '2026-02-11 14:31:08.315805+08');
INSERT INTO "public"."track_records" VALUES (56, 'b6fa7504-2073-4d35-8f6a-f8b483e970e5', '2026-02-11 14:46:40.6+08', '执法办案中心走道114门前-西', '50.139.157.16', '50.139.158.169', '2026-02-11 14:46:40.6+08', NULL, '2026-02-11 14:29:58.20828+08');
INSERT INTO "public"."track_records" VALUES (93, 'b6fa7504-2073-4d35-8f6a-f8b483e970e5', '2026-02-11 14:11:16.3+08', '执法办案中心走道118门南-西', '50.139.157.30', '50.139.158.159', '2026-02-11 14:11:16.3+08', NULL, '2026-02-11 14:32:14.422486+08');
INSERT INTO "public"."track_records" VALUES (57, 'b6fa7504-2073-4d35-8f6a-f8b483e970e5', '2026-02-11 14:46:40.5+08', '执法办案中心走道114门前-西', '50.139.157.16', '50.139.158.169', '2026-02-11 14:46:40.5+08', NULL, '2026-02-11 14:29:58.468083+08');
INSERT INTO "public"."track_records" VALUES (77, 'b6fa7504-2073-4d35-8f6a-f8b483e970e5', '2026-02-11 14:47:50.64+08', '执法办案中心走道114门前-西', '50.139.157.16', '50.139.158.169', '2026-02-11 14:47:50.64+08', NULL, '2026-02-11 14:31:08.59484+08');
INSERT INTO "public"."track_records" VALUES (58, 'b6fa7504-2073-4d35-8f6a-f8b483e970e5', '2026-02-11 14:46:40.5+08', '执法办案中心走道114门前-西', '50.139.157.16', '50.139.158.169', '2026-02-11 14:46:40.5+08', NULL, '2026-02-11 14:29:58.657685+08');
INSERT INTO "public"."track_records" VALUES (88, 'b6fa7504-2073-4d35-8f6a-f8b483e970e5', '2026-02-11 14:10:59.39+08', '执法办案中心走道118门南-西', '50.139.157.30', '50.139.158.159', '2026-02-11 14:10:59.39+08', NULL, '2026-02-11 14:31:57.082199+08');
INSERT INTO "public"."track_records" VALUES (59, 'b6fa7504-2073-4d35-8f6a-f8b483e970e5', '2026-02-11 14:46:41.48+08', '执法办案中心走道114门前-西', '50.139.157.16', '50.139.158.169', '2026-02-11 14:46:41.48+08', NULL, '2026-02-11 14:29:58.996963+08');
INSERT INTO "public"."track_records" VALUES (78, 'b6fa7504-2073-4d35-8f6a-f8b483e970e5', '2026-02-11 14:47:51.94+08', '执法办案中心走道114门前-西', '50.139.157.16', '50.139.158.169', '2026-02-11 14:47:51.94+08', NULL, '2026-02-11 14:31:09.007644+08');
INSERT INTO "public"."track_records" VALUES (60, 'b6fa7504-2073-4d35-8f6a-f8b483e970e5', '2026-02-11 14:26:06.74+08', '执法办案中心104室候问厅北', '50.139.157.35', '50.139.158.161', '2026-02-11 14:26:06.74+08', NULL, '2026-02-11 14:30:03.742718+08');
INSERT INTO "public"."track_records" VALUES (96, 'b6fa7504-2073-4d35-8f6a-f8b483e970e5', '2026-02-11 14:49:16.89+08', '执法办案中心106卫生间洗手台', '50.139.157.22', '50.139.158.190', '2026-02-11 14:49:16.89+08', NULL, '2026-02-11 14:32:43.158146+08');
INSERT INTO "public"."track_records" VALUES (61, 'b6fa7504-2073-4d35-8f6a-f8b483e970e5', '2026-02-11 14:26:09.43+08', '执法办案中心104室候问厅北', '50.139.157.35', '50.139.158.161', '2026-02-11 14:26:09.43+08', NULL, '2026-02-11 14:30:06.741462+08');
INSERT INTO "public"."track_records" VALUES (79, 'b6fa7504-2073-4d35-8f6a-f8b483e970e5', '2026-02-11 14:04:02.69+08', '执法办案中心110讯问室行政案件', '50.139.157.42', '50.139.158.121', '2026-02-11 14:04:02.69+08', NULL, '2026-02-11 14:31:15.808675+08');
INSERT INTO "public"."track_records" VALUES (62, 'b6fa7504-2073-4d35-8f6a-f8b483e970e5', '2026-02-11 14:46:51.46+08', '执法办案中心走道114门前-西', '50.139.157.16', '50.139.158.169', '2026-02-11 14:46:51.46+08', NULL, '2026-02-11 14:30:08.803312+08');
INSERT INTO "public"."track_records" VALUES (89, 'b6fa7504-2073-4d35-8f6a-f8b483e970e5', '2026-02-11 14:11:00.69+08', '执法办案中心走道118门南-西', '50.139.157.30', '50.139.158.159', '2026-02-11 14:11:00.69+08', NULL, '2026-02-11 14:31:58.083317+08');
INSERT INTO "public"."track_records" VALUES (63, 'b6fa7504-2073-4d35-8f6a-f8b483e970e5', '2026-02-11 13:56:29.16+08', '执法办案中心107未成年讯问室北', '50.139.157.37', '50.139.158.117', '2026-02-11 13:56:29.16+08', NULL, '2026-02-11 14:30:15.753148+08');
INSERT INTO "public"."track_records" VALUES (80, 'b6fa7504-2073-4d35-8f6a-f8b483e970e5', '2026-02-11 14:27:19.77+08', '执法办案中心104室候问厅北', '50.139.157.35', '50.139.158.161', '2026-02-11 14:27:19.77+08', NULL, '2026-02-11 14:31:17.225853+08');
INSERT INTO "public"."track_records" VALUES (64, 'b6fa7504-2073-4d35-8f6a-f8b483e970e5', '2026-02-11 14:26:21.12+08', '执法办案中心104室候问厅北', '50.139.157.35', '50.139.158.161', '2026-02-11 14:26:21.12+08', NULL, '2026-02-11 14:30:19.015181+08');
INSERT INTO "public"."track_records" VALUES (94, 'b6fa7504-2073-4d35-8f6a-f8b483e970e5', '2026-02-11 14:48:52.86+08', '执法办案中心106卫生间洗手台', '50.139.157.22', '50.139.158.190', '2026-02-11 14:48:52.86+08', NULL, '2026-02-11 14:32:19.10747+08');
INSERT INTO "public"."track_records" VALUES (65, 'b6fa7504-2073-4d35-8f6a-f8b483e970e5', '2026-02-11 13:56:32.47+08', '执法办案中心107未成年讯问室北', '50.139.157.37', '50.139.158.117', '2026-02-11 13:56:32.47+08', NULL, '2026-02-11 14:30:19.121018+08');
INSERT INTO "public"."track_records" VALUES (81, 'b6fa7504-2073-4d35-8f6a-f8b483e970e5', '2026-02-11 14:04:08.33+08', '执法办案中心110讯问室行政案件', '50.139.157.42', '50.139.158.121', '2026-02-11 14:04:08.33+08', NULL, '2026-02-11 14:31:21.003527+08');
INSERT INTO "public"."track_records" VALUES (66, 'b6fa7504-2073-4d35-8f6a-f8b483e970e5', '2026-02-11 13:56:33.18+08', '执法办案中心107未成年讯问室北', '50.139.157.37', '50.139.158.117', '2026-02-11 13:56:33.18+08', NULL, '2026-02-11 14:30:19.773914+08');
INSERT INTO "public"."track_records" VALUES (90, 'b6fa7504-2073-4d35-8f6a-f8b483e970e5', '2026-02-11 14:48:33.64+08', '执法办案中心106卫生间洗手台', '50.139.157.22', '50.139.158.190', '2026-02-11 14:48:33.64+08', NULL, '2026-02-11 14:32:00.101214+08');
INSERT INTO "public"."track_records" VALUES (67, 'b6fa7504-2073-4d35-8f6a-f8b483e970e5', '2026-02-11 14:26:26.98+08', '执法办案中心104室候问厅北', '50.139.157.35', '50.139.158.161', '2026-02-11 14:26:26.98+08', NULL, '2026-02-11 14:30:24.758506+08');
INSERT INTO "public"."track_records" VALUES (82, 'b6fa7504-2073-4d35-8f6a-f8b483e970e5', '2026-02-11 14:47:59.68+08', '执法办案中心106卫生间洗手台', '50.139.157.22', '50.139.158.190', '2026-02-11 14:47:59.68+08', NULL, '2026-02-11 14:31:26.020766+08');
INSERT INTO "public"."track_records" VALUES (68, 'b6fa7504-2073-4d35-8f6a-f8b483e970e5', '2026-02-11 14:47:11.45+08', '执法办案中心走道114门前-西', '50.139.157.16', '50.139.158.169', '2026-02-11 14:47:11.45+08', NULL, '2026-02-11 14:30:28.774592+08');
INSERT INTO "public"."track_records" VALUES (70, 'b6fa7504-2073-4d35-8f6a-f8b483e970e5', '2026-02-11 14:55:57.83+08', '执法办案中心108未成年人询问室南', '50.139.157.41', '50.139.158.118', '2026-02-11 14:55:57.83+08', '2026-02-11 14:58:26.82+08', '2026-02-11 14:30:39.78882+08');
INSERT INTO "public"."track_records" VALUES (69, 'b6fa7504-2073-4d35-8f6a-f8b483e970e5', '2026-02-11 14:47:14.76+08', '执法办案中心走道114门前-西', '50.139.157.16', '50.139.158.169', '2026-02-11 14:47:14.76+08', NULL, '2026-02-11 14:30:31.761007+08');
INSERT INTO "public"."track_records" VALUES (42, 'b6fa7504-2073-4d35-8f6a-f8b483e970e5', '2026-02-11 14:51:35.26+08', '执法办案中心走道104候问室门南-东', '50.139.157.20', '50.139.158.166', '2026-02-11 14:51:35.26+08', '2026-02-11 14:55:57.83+08', '2026-02-11 14:28:49.3796+08');
INSERT INTO "public"."track_records" VALUES (83, 'b6fa7504-2073-4d35-8f6a-f8b483e970e5', '2026-02-11 14:48:11.82+08', '执法办案中心走道114门前-西', '50.139.157.16', '50.139.158.169', '2026-02-11 14:48:11.82+08', NULL, '2026-02-11 14:31:29.02308+08');
INSERT INTO "public"."track_records" VALUES (71, 'b6fa7504-2073-4d35-8f6a-f8b483e970e5', '2026-02-11 14:47:38.65+08', '执法办案中心走道114门前-西', '50.139.157.16', '50.139.158.169', '2026-02-11 14:47:38.65+08', NULL, '2026-02-11 14:30:55.794598+08');
INSERT INTO "public"."track_records" VALUES (91, 'b6fa7504-2073-4d35-8f6a-f8b483e970e5', '2026-02-11 14:11:07.56+08', '执法办案中心走道118门南-西', '50.139.157.30', '50.139.158.159', '2026-02-11 14:11:07.56+08', NULL, '2026-02-11 14:32:05.077454+08');
INSERT INTO "public"."track_records" VALUES (72, 'b6fa7504-2073-4d35-8f6a-f8b483e970e5', '2026-02-11 14:47:43.66+08', '执法办案中心走道114门前-西', '50.139.157.16', '50.139.158.169', '2026-02-11 14:47:43.66+08', NULL, '2026-02-11 14:31:00.854807+08');
INSERT INTO "public"."track_records" VALUES (84, 'b6fa7504-2073-4d35-8f6a-f8b483e970e5', '2026-02-11 14:48:14.18+08', '执法办案中心走道114门前-西', '50.139.157.16', '50.139.158.169', '2026-02-11 14:48:14.18+08', NULL, '2026-02-11 14:31:31.047669+08');
INSERT INTO "public"."track_records" VALUES (73, 'b6fa7504-2073-4d35-8f6a-f8b483e970e5', '2026-02-11 14:47:44.16+08', '执法办案中心走道114门前-西', '50.139.157.16', '50.139.158.169', '2026-02-11 14:47:44.16+08', NULL, '2026-02-11 14:31:01.238218+08');
INSERT INTO "public"."track_records" VALUES (97, 'b6fa7504-2073-4d35-8f6a-f8b483e970e5', '2026-02-11 14:11:45.91+08', '执法办案中心走道118门南-西', '50.139.157.30', '50.139.158.159', '2026-02-11 14:11:45.91+08', NULL, '2026-02-11 14:32:44.116286+08');
INSERT INTO "public"."track_records" VALUES (74, 'b6fa7504-2073-4d35-8f6a-f8b483e970e5', '2026-02-11 14:47:46.96+08', '执法办案中心走道114门前-西', '50.139.157.16', '50.139.158.169', '2026-02-11 14:47:46.96+08', NULL, '2026-02-11 14:31:03.82247+08');
INSERT INTO "public"."track_records" VALUES (92, 'b6fa7504-2073-4d35-8f6a-f8b483e970e5', '2026-02-11 14:11:11+08', '执法办案中心走道118门南-西', '50.139.157.30', '50.139.158.159', '2026-02-11 14:11:11+08', NULL, '2026-02-11 14:32:09.145568+08');
INSERT INTO "public"."track_records" VALUES (85, 'b6fa7504-2073-4d35-8f6a-f8b483e970e5', '2026-02-11 14:48:14.96+08', '执法办案中心走道114门前-西', '50.139.157.16', '50.139.158.169', '2026-02-11 14:48:14.96+08', NULL, '2026-02-11 14:31:32.049132+08');
INSERT INTO "public"."track_records" VALUES (95, 'b6fa7504-2073-4d35-8f6a-f8b483e970e5', '2026-02-11 14:11:21.91+08', '执法办案中心走道118门南-西', '50.139.157.30', '50.139.158.159', '2026-02-11 14:11:21.91+08', NULL, '2026-02-11 14:32:20.09949+08');
INSERT INTO "public"."track_records" VALUES (86, 'b6fa7504-2073-4d35-8f6a-f8b483e970e5', '2026-02-11 14:48:13.29+08', '执法办案中心106卫生间洗手台', '50.139.157.22', '50.139.158.190', '2026-02-11 14:48:13.29+08', NULL, '2026-02-11 14:31:40.018617+08');
INSERT INTO "public"."track_records" VALUES (98, 'b6fa7504-2073-4d35-8f6a-f8b483e970e5', '2026-02-11 14:11:47.59+08', '执法办案中心走道118门南-西', '50.139.157.30', '50.139.158.159', '2026-02-11 14:11:47.59+08', NULL, '2026-02-11 14:32:45.141664+08');
INSERT INTO "public"."track_records" VALUES (99, 'b6fa7504-2073-4d35-8f6a-f8b483e970e5', '2026-02-11 14:11:49.48+08', '执法办案中心走道118门南-西', '50.139.157.30', '50.139.158.159', '2026-02-11 14:11:49.48+08', NULL, '2026-02-11 14:32:47.133939+08');
INSERT INTO "public"."track_records" VALUES (100, 'b6fa7504-2073-4d35-8f6a-f8b483e970e5', '2026-02-11 14:49:24.32+08', '执法办案中心106卫生间洗手台', '50.139.157.22', '50.139.158.190', '2026-02-11 14:49:24.32+08', NULL, '2026-02-11 14:32:51.127106+08');
INSERT INTO "public"."track_records" VALUES (101, 'b6fa7504-2073-4d35-8f6a-f8b483e970e5', '2026-02-11 14:49:39.98+08', '执法办案中心走道114门前-西', '50.139.157.16', '50.139.158.169', '2026-02-11 14:49:39.98+08', NULL, '2026-02-11 14:32:57.15423+08');
INSERT INTO "public"."track_records" VALUES (102, 'b6fa7504-2073-4d35-8f6a-f8b483e970e5', '2026-02-11 14:49:32.57+08', '执法办案中心106卫生间洗手台', '50.139.157.22', '50.139.158.190', '2026-02-11 14:49:32.57+08', NULL, '2026-02-11 14:32:59.130046+08');
INSERT INTO "public"."track_records" VALUES (103, 'b6fa7504-2073-4d35-8f6a-f8b483e970e5', '2026-02-11 14:25:19.99+08', '执法办案中心104室候问厅南', '50.139.157.21', '50.139.158.168', '2026-02-11 14:25:19.99+08', NULL, '2026-02-11 14:33:09.142042+08');
INSERT INTO "public"."track_records" VALUES (104, 'b6fa7504-2073-4d35-8f6a-f8b483e970e5', '2026-02-11 14:25:24.83+08', '执法办案中心104室候问厅南', '50.139.157.21', '50.139.158.168', '2026-02-11 14:25:24.83+08', NULL, '2026-02-11 14:33:14.177252+08');
INSERT INTO "public"."track_records" VALUES (105, 'b6fa7504-2073-4d35-8f6a-f8b483e970e5', '2026-02-11 14:25:38.61+08', '执法办案中心104室候问厅南', '50.139.157.21', '50.139.158.168', '2026-02-11 14:25:38.61+08', NULL, '2026-02-11 14:33:28.498692+08');
INSERT INTO "public"."track_records" VALUES (106, 'b6fa7504-2073-4d35-8f6a-f8b483e970e5', '2026-02-11 14:22:48.22+08', '执法办案中心走道104候问室门南-东', '50.139.157.18', '50.139.158.166', '2026-02-11 14:22:48.22+08', NULL, '2026-02-11 14:33:31.575268+08');
INSERT INTO "public"."track_records" VALUES (107, 'b6fa7504-2073-4d35-8f6a-f8b483e970e5', '2026-02-11 14:22:48.91+08', '执法办案中心走道104候问室门南-东', '50.139.157.18', '50.139.158.166', '2026-02-11 14:22:48.91+08', NULL, '2026-02-11 14:33:32.20052+08');
INSERT INTO "public"."track_records" VALUES (108, 'b6fa7504-2073-4d35-8f6a-f8b483e970e5', '2026-02-11 14:22:50.08+08', '执法办案中心走道104候问室门南-东', '50.139.157.18', '50.139.158.166', '2026-02-11 14:22:50.08+08', NULL, '2026-02-11 14:33:33.142547+08');
INSERT INTO "public"."track_records" VALUES (109, 'b6fa7504-2073-4d35-8f6a-f8b483e970e5', '2026-02-11 14:47:09.47+08', '执法办案中心走道104门南-西', '50.139.157.15', '50.139.158.142', '2026-02-11 14:47:09.47+08', NULL, '2026-02-11 14:33:34.609721+08');
INSERT INTO "public"."track_records" VALUES (110, 'b6fa7504-2073-4d35-8f6a-f8b483e970e5', '2026-02-11 14:22:52.28+08', '执法办案中心走道104候问室门南-东', '50.139.157.18', '50.139.158.166', '2026-02-11 14:22:52.28+08', NULL, '2026-02-11 14:33:35.167696+08');
INSERT INTO "public"."track_records" VALUES (111, 'b6fa7504-2073-4d35-8f6a-f8b483e970e5', '2026-02-11 14:22:55.3+08', '执法办案中心走道104候问室门南-东', '50.139.157.18', '50.139.158.166', '2026-02-11 14:22:55.3+08', NULL, '2026-02-11 14:33:38.319421+08');
INSERT INTO "public"."track_records" VALUES (112, 'b6fa7504-2073-4d35-8f6a-f8b483e970e5', '2026-02-11 14:22:57.94+08', '执法办案中心走道104候问室门南-东', '50.139.157.18', '50.139.158.166', '2026-02-11 14:22:57.94+08', NULL, '2026-02-11 14:33:41.170518+08');
INSERT INTO "public"."track_records" VALUES (113, 'b6fa7504-2073-4d35-8f6a-f8b483e970e5', '2026-02-11 14:25:53.67+08', '执法办案中心104室候问厅南', '50.139.157.21', '50.139.158.168', '2026-02-11 14:25:53.67+08', NULL, '2026-02-11 14:33:43.196311+08');
INSERT INTO "public"."track_records" VALUES (114, 'b6fa7504-2073-4d35-8f6a-f8b483e970e5', '2026-02-11 14:25:56.14+08', '执法办案中心104室候问厅南', '50.139.157.21', '50.139.158.168', '2026-02-11 14:25:56.14+08', NULL, '2026-02-11 14:33:45.180351+08');
INSERT INTO "public"."track_records" VALUES (137, 'b6fa7504-2073-4d35-8f6a-f8b483e970e5', '2026-02-11 15:07:58.39+08', '执法办案中心登记大厅西南', '50.139.157.3', '50.139.158.167', '2026-02-11 15:07:58.39+08', '2026-02-11 15:23:17.18+08', '2026-02-11 14:41:45.632102+08');
INSERT INTO "public"."track_records" VALUES (116, 'b6fa7504-2073-4d35-8f6a-f8b483e970e5', '2026-02-11 14:47:41.53+08', '执法办案中心102室医疗体检东北', '50.139.157.11', '50.139.158.135', '2026-02-11 14:47:41.53+08', NULL, '2026-02-11 14:33:53.17496+08');
INSERT INTO "public"."track_records" VALUES (132, 'b6fa7504-2073-4d35-8f6a-f8b483e970e5', '2026-02-11 13:38:44.08+08', '执法办案中心人身安全检查区西南', '50.139.157.8', '50.139.158.180', '2026-02-11 13:38:44.08+08', NULL, '2026-02-11 14:41:04.560166+08');
INSERT INTO "public"."track_records" VALUES (117, 'b6fa7504-2073-4d35-8f6a-f8b483e970e5', '2026-02-11 13:31:36.22+08', '执法办案中心人身安全检查区西南', '50.139.157.8', '50.139.158.180', '2026-02-11 13:31:36.22+08', NULL, '2026-02-11 14:33:56.176047+08');
INSERT INTO "public"."track_records" VALUES (141, 'b6fa7504-2073-4d35-8f6a-f8b483e970e5', '2026-02-11 14:45:46.95+08', '执法办案中心104室候问厅南', '50.139.157.21', '50.139.158.168', '2026-02-11 14:45:46.95+08', NULL, '2026-02-11 14:53:36.493276+08');
INSERT INTO "public"."track_records" VALUES (118, 'b6fa7504-2073-4d35-8f6a-f8b483e970e5', '2026-02-11 14:26:07.97+08', '执法办案中心104室候问厅南', '50.139.157.21', '50.139.158.168', '2026-02-11 14:26:07.97+08', NULL, '2026-02-11 14:33:57.193106+08');
INSERT INTO "public"."track_records" VALUES (133, 'b6fa7504-2073-4d35-8f6a-f8b483e970e5', '2026-02-11 14:37:34.19+08', '执法办案中心104室候问室2东', '50.139.157.34', '50.139.158.134', '2026-02-11 14:37:34.19+08', NULL, '2026-02-11 14:41:08.5199+08');
INSERT INTO "public"."track_records" VALUES (119, 'b6fa7504-2073-4d35-8f6a-f8b483e970e5', '2026-02-11 13:31:39+08', '执法办案中心人身安全检查区西南', '50.139.157.8', '50.139.158.180', '2026-02-11 13:31:39+08', NULL, '2026-02-11 14:33:59.202209+08');
INSERT INTO "public"."track_records" VALUES (120, 'b6fa7504-2073-4d35-8f6a-f8b483e970e5', '2026-02-11 14:26:13.19+08', '执法办案中心104室候问厅南', '50.139.157.21', '50.139.158.168', '2026-02-11 14:26:13.19+08', NULL, '2026-02-11 14:34:02.585832+08');
INSERT INTO "public"."track_records" VALUES (134, 'b6fa7504-2073-4d35-8f6a-f8b483e970e5', '2026-02-11 14:54:46.4+08', '执法办案中心登记大厅西南', '50.139.157.6', '50.139.158.167', '2026-02-11 14:54:46.4+08', NULL, '2026-02-11 14:41:13.504993+08');
INSERT INTO "public"."track_records" VALUES (121, 'b6fa7504-2073-4d35-8f6a-f8b483e970e5', '2026-02-11 14:26:18.13+08', '执法办案中心104室候问厅南', '50.139.157.21', '50.139.158.168', '2026-02-11 14:26:18.13+08', NULL, '2026-02-11 14:34:07.196801+08');
INSERT INTO "public"."track_records" VALUES (142, 'b6fa7504-2073-4d35-8f6a-f8b483e970e5', '2026-02-11 14:46:13.61+08', '执法办案中心104室候问厅南', '50.139.157.21', '50.139.158.168', '2026-02-11 14:46:13.61+08', NULL, '2026-02-11 14:54:02.377568+08');
INSERT INTO "public"."track_records" VALUES (122, 'b6fa7504-2073-4d35-8f6a-f8b483e970e5', '2026-02-11 13:38:59.81+08', '执法办案中心信息采集区西北', '50.139.157.7', '50.139.158.189', '2026-02-11 13:38:59.81+08', NULL, '2026-02-11 14:34:11.198304+08');
INSERT INTO "public"."track_records" VALUES (135, 'b6fa7504-2073-4d35-8f6a-f8b483e970e5', '2026-02-11 14:55:12.36+08', '执法办案中心登记大厅西南', '50.139.157.6', '50.139.158.167', '2026-02-11 14:55:12.36+08', NULL, '2026-02-11 14:41:39.530854+08');
INSERT INTO "public"."track_records" VALUES (123, 'b6fa7504-2073-4d35-8f6a-f8b483e970e5', '2026-02-11 13:32:08.73+08', '执法办案中心人身安全检查区西南', '50.139.157.8', '50.139.158.180', '2026-02-11 13:32:08.73+08', NULL, '2026-02-11 14:34:29.555058+08');
INSERT INTO "public"."track_records" VALUES (124, 'b6fa7504-2073-4d35-8f6a-f8b483e970e5', '2026-02-11 13:32:08.56+08', '执法办案中心人身安全检查区西南', '50.139.157.8', '50.139.158.180', '2026-02-11 13:32:08.56+08', NULL, '2026-02-11 14:34:29.588334+08');
INSERT INTO "public"."track_records" VALUES (115, 'b6fa7504-2073-4d35-8f6a-f8b483e970e5', '2026-02-11 14:58:26.82+08', '执法办案中心走道104候问室门南-东', '50.139.157.17', '50.139.158.166', '2026-02-11 14:58:26.82+08', '2026-02-11 15:01:02.69+08', '2026-02-11 14:33:48.548879+08');
INSERT INTO "public"."track_records" VALUES (136, 'b6fa7504-2073-4d35-8f6a-f8b483e970e5', '2026-02-11 14:55:13.84+08', '执法办案中心登记大厅西南', '50.139.157.6', '50.139.158.167', '2026-02-11 14:55:13.84+08', NULL, '2026-02-11 14:41:40.546766+08');
INSERT INTO "public"."track_records" VALUES (126, 'b6fa7504-2073-4d35-8f6a-f8b483e970e5', '2026-02-11 14:33:03.03+08', '执法办案中心104室候问厅南', '50.139.157.21', '50.139.158.168', '2026-02-11 14:33:03.03+08', NULL, '2026-02-11 14:40:52.864215+08');
INSERT INTO "public"."track_records" VALUES (131, 'b6fa7504-2073-4d35-8f6a-f8b483e970e5', '2026-02-11 15:05:42.64+08', '执法办案中心走道104候问室门南-东', '50.139.157.17', '50.139.158.166', '2026-02-11 15:05:42.64+08', '2026-02-11 15:07:58.39+08', '2026-02-11 14:41:03.518149+08');
INSERT INTO "public"."track_records" VALUES (127, 'b6fa7504-2073-4d35-8f6a-f8b483e970e5', '2026-02-11 14:36:56.6+08', '执法办案中心104室候问厅北', '50.139.157.35', '50.139.158.161', '2026-02-11 14:36:56.6+08', NULL, '2026-02-11 14:40:54.513196+08');
INSERT INTO "public"."track_records" VALUES (128, 'b6fa7504-2073-4d35-8f6a-f8b483e970e5', '2026-02-11 14:33:06.49+08', '执法办案中心104室候问厅南', '50.139.157.21', '50.139.158.168', '2026-02-11 14:33:06.49+08', NULL, '2026-02-11 14:40:55.506964+08');
INSERT INTO "public"."track_records" VALUES (143, 'b6fa7504-2073-4d35-8f6a-f8b483e970e5', '2026-02-11 14:53:22.85+08', '执法办案中心104室候问室2东', '50.139.157.34', '50.139.158.134', '2026-02-11 14:53:22.85+08', NULL, '2026-02-11 14:56:57.583568+08');
INSERT INTO "public"."track_records" VALUES (129, 'b6fa7504-2073-4d35-8f6a-f8b483e970e5', '2026-02-11 14:33:09.59+08', '执法办案中心104室候问厅南', '50.139.157.21', '50.139.158.168', '2026-02-11 14:33:09.59+08', NULL, '2026-02-11 14:40:58.506319+08');
INSERT INTO "public"."track_records" VALUES (138, 'b6fa7504-2073-4d35-8f6a-f8b483e970e5', '2026-02-11 14:38:36.59+08', '执法办案中心104室候问厅南', '50.139.157.21', '50.139.158.168', '2026-02-11 14:38:36.59+08', NULL, '2026-02-11 14:46:26.015366+08');
INSERT INTO "public"."track_records" VALUES (130, 'b6fa7504-2073-4d35-8f6a-f8b483e970e5', '2026-02-11 14:33:12.47+08', '执法办案中心104室候问厅南', '50.139.157.21', '50.139.158.168', '2026-02-11 14:33:12.47+08', NULL, '2026-02-11 14:41:01.525782+08');
INSERT INTO "public"."track_records" VALUES (125, 'b6fa7504-2073-4d35-8f6a-f8b483e970e5', '2026-02-11 15:01:02.69+08', '执法办案中心登记大厅西南', '50.139.157.3', '50.139.158.167', '2026-02-11 15:01:02.69+08', '2026-02-11 15:05:42.64+08', '2026-02-11 14:34:50.962913+08');
INSERT INTO "public"."track_records" VALUES (145, 'b6fa7504-2073-4d35-8f6a-f8b483e970e5', '2026-02-11 15:23:17.18+08', '执法办案中心走道104候问室门南-东', '50.139.157.17', '50.139.158.166', '2026-02-11 15:23:17.18+08', '2026-02-11 15:28:03.21+08', '2026-02-11 14:58:38.417255+08');
INSERT INTO "public"."track_records" VALUES (139, 'b6fa7504-2073-4d35-8f6a-f8b483e970e5', '2026-02-11 14:45:29.45+08', '执法办案中心104室候问厅南', '50.139.157.21', '50.139.158.168', '2026-02-11 14:45:29.45+08', NULL, '2026-02-11 14:53:18.344622+08');
INSERT INTO "public"."track_records" VALUES (146, 'b6fa7504-2073-4d35-8f6a-f8b483e970e5', '2026-02-11 15:12:20.16+08', '执法办案中心登记大厅西南', '50.139.157.6', '50.139.158.167', '2026-02-11 15:12:20.16+08', NULL, '2026-02-11 14:58:47.829065+08');
INSERT INTO "public"."track_records" VALUES (140, 'b6fa7504-2073-4d35-8f6a-f8b483e970e5', '2026-02-11 14:45:33.48+08', '执法办案中心104室候问厅南', '50.139.157.21', '50.139.158.168', '2026-02-11 14:45:33.48+08', NULL, '2026-02-11 14:53:22.387759+08');
INSERT INTO "public"."track_records" VALUES (144, 'b6fa7504-2073-4d35-8f6a-f8b483e970e5', '2026-02-11 13:56:17.7+08', '执法办案中心人身安全检查区西南', '50.139.157.8', '50.139.158.180', '2026-02-11 13:56:17.7+08', NULL, '2026-02-11 14:58:38.259147+08');
INSERT INTO "public"."track_records" VALUES (148, 'b6fa7504-2073-4d35-8f6a-f8b483e970e5', '2026-02-11 15:27:24.85+08', '执法办案中心信息采集区西北', '50.139.157.10', '50.139.158.189', '2026-02-11 15:27:24.85+08', NULL, '2026-02-11 15:08:43.607247+08');
INSERT INTO "public"."track_records" VALUES (147, 'b6fa7504-2073-4d35-8f6a-f8b483e970e5', '2026-02-11 15:28:03.21+08', '执法办案中心登记大厅西南', '50.139.157.3', '50.139.158.167', '2026-02-11 15:28:03.21+08', '2026-02-11 15:34:31.54+08', '2026-02-11 15:01:50.956243+08');
INSERT INTO "public"."track_records" VALUES (149, 'b6fa7504-2073-4d35-8f6a-f8b483e970e5', '2026-02-11 15:25:35.08+08', '执法办案中心106卫生间洗手台', '50.139.157.22', '50.139.158.190', '2026-02-11 15:25:35.08+08', NULL, '2026-02-11 15:09:02.339212+08');
INSERT INTO "public"."track_records" VALUES (150, 'b6fa7504-2073-4d35-8f6a-f8b483e970e5', '2026-02-11 14:59:04.2+08', '执法办案中心走道104候问室门南-东', '50.139.157.18', '50.139.158.166', '2026-02-11 14:59:04.2+08', NULL, '2026-02-11 15:09:47.330776+08');
INSERT INTO "public"."track_records" VALUES (151, 'b6fa7504-2073-4d35-8f6a-f8b483e970e5', '2026-02-11 14:07:32.04+08', '执法办案中心人身安全检查区西南', '50.139.157.8', '50.139.158.180', '2026-02-11 14:07:32.04+08', NULL, '2026-02-11 15:09:52.776389+08');
INSERT INTO "public"."track_records" VALUES (152, 'b6fa7504-2073-4d35-8f6a-f8b483e970e5', '2026-02-11 14:07:31.72+08', '执法办案中心人身安全检查区西南', '50.139.157.8', '50.139.158.180', '2026-02-11 14:07:31.72+08', NULL, '2026-02-11 15:09:53.027936+08');
INSERT INTO "public"."track_records" VALUES (187, 'b6fa7504-2073-4d35-8f6a-f8b483e970e5', '2026-02-11 15:43:57.09+08', '执法办案中心104室候问室2东', '50.139.157.34', '50.139.158.134', '2026-02-11 15:43:57.09+08', '2026-02-11 15:58:11.54+08', '2026-02-11 15:47:31.993204+08');
INSERT INTO "public"."track_records" VALUES (154, 'b6fa7504-2073-4d35-8f6a-f8b483e970e5', '2026-02-11 15:23:32.28+08', '执法办案中心登记大厅西南', '50.139.157.6', '50.139.158.167', '2026-02-11 15:23:32.28+08', NULL, '2026-02-11 15:09:59.31912+08');
INSERT INTO "public"."track_records" VALUES (177, 'b6fa7504-2073-4d35-8f6a-f8b483e970e5', '2026-02-11 15:25:42.42+08', '执法办案中心104室候问厅北', '50.139.157.35', '50.139.158.161', '2026-02-11 15:25:42.42+08', NULL, '2026-02-11 15:29:40.322493+08');
INSERT INTO "public"."track_records" VALUES (155, 'b6fa7504-2073-4d35-8f6a-f8b483e970e5', '2026-02-11 15:20:25.84+08', '执法办案中心登记大厅西南', '50.139.157.4', '50.139.158.167', '2026-02-11 15:20:25.84+08', NULL, '2026-02-11 15:10:00.563623+08');
INSERT INTO "public"."track_records" VALUES (156, 'b6fa7504-2073-4d35-8f6a-f8b483e970e5', '2026-02-11 15:20:25.84+08', '执法办案中心登记大厅西南', '50.139.157.4', '50.139.158.167', '2026-02-11 15:20:25.84+08', NULL, '2026-02-11 15:10:00.672426+08');
INSERT INTO "public"."track_records" VALUES (178, 'b6fa7504-2073-4d35-8f6a-f8b483e970e5', '2026-02-11 15:28:55.65+08', '执法办案中心104室候问室2东', '50.139.157.34', '50.139.158.134', '2026-02-11 15:28:55.65+08', NULL, '2026-02-11 15:32:30.357567+08');
INSERT INTO "public"."track_records" VALUES (157, 'b6fa7504-2073-4d35-8f6a-f8b483e970e5', '2026-02-11 15:02:23.61+08', '执法办案中心104室候问厅南', '50.139.157.21', '50.139.158.168', '2026-02-11 15:02:23.61+08', NULL, '2026-02-11 15:10:12.526169+08');
INSERT INTO "public"."track_records" VALUES (188, 'b6fa7504-2073-4d35-8f6a-f8b483e970e5', '2026-02-11 15:58:11.54+08', '执法办案中心登记大厅西南', '50.139.157.4', '50.139.158.167', '2026-02-11 15:58:11.54+08', '2026-02-11 16:06:34.55+08', '2026-02-11 15:47:46.915239+08');
INSERT INTO "public"."track_records" VALUES (158, 'b6fa7504-2073-4d35-8f6a-f8b483e970e5', '2026-02-11 15:23:51.68+08', '执法办案中心登记大厅西南', '50.139.157.6', '50.139.158.167', '2026-02-11 15:23:51.68+08', NULL, '2026-02-11 15:10:18.534068+08');
INSERT INTO "public"."track_records" VALUES (179, 'b6fa7504-2073-4d35-8f6a-f8b483e970e5', '2026-02-11 15:28:55.65+08', '执法办案中心104室候问室2东', '50.139.157.34', '50.139.158.134', '2026-02-11 15:28:55.65+08', NULL, '2026-02-11 15:32:30.457755+08');
INSERT INTO "public"."track_records" VALUES (159, 'b6fa7504-2073-4d35-8f6a-f8b483e970e5', '2026-02-11 15:02:30.61+08', '执法办案中心104室候问厅南', '50.139.157.21', '50.139.158.168', '2026-02-11 15:02:30.61+08', NULL, '2026-02-11 15:10:19.526118+08');
INSERT INTO "public"."track_records" VALUES (160, 'b6fa7504-2073-4d35-8f6a-f8b483e970e5', '2026-02-11 15:25:21.36+08', '执法办案中心登记大厅西南', '50.139.157.6', '50.139.158.167', '2026-02-11 15:25:21.36+08', NULL, '2026-02-11 15:11:48.725975+08');
INSERT INTO "public"."track_records" VALUES (153, 'b6fa7504-2073-4d35-8f6a-f8b483e970e5', '2026-02-11 15:34:31.54+08', '执法办案中心走道104候问室门南-东', '50.139.157.17', '50.139.158.166', '2026-02-11 15:34:31.54+08', '2026-02-11 15:39:16.93+08', '2026-02-11 15:09:53.119299+08');
INSERT INTO "public"."track_records" VALUES (180, 'b6fa7504-2073-4d35-8f6a-f8b483e970e5', '2026-02-11 15:32:41.77+08', '执法办案中心104室候问厅北', '50.139.157.35', '50.139.158.161', '2026-02-11 15:32:41.77+08', NULL, '2026-02-11 15:36:39.556536+08');
INSERT INTO "public"."track_records" VALUES (162, 'b6fa7504-2073-4d35-8f6a-f8b483e970e5', '2026-02-11 15:32:00.75+08', '执法办案中心信息采集区西北', '50.139.157.10', '50.139.158.189', '2026-02-11 15:32:00.75+08', NULL, '2026-02-11 15:13:19.633917+08');
INSERT INTO "public"."track_records" VALUES (189, 'b6fa7504-2073-4d35-8f6a-f8b483e970e5', '2026-02-11 16:06:34.55+08', '执法办案中心信息采集区西北', '50.139.157.10', '50.139.158.189', '2026-02-11 16:06:34.55+08', '2026-02-11 16:13:10.96+08', '2026-02-11 15:47:52.917372+08');
INSERT INTO "public"."track_records" VALUES (163, 'b6fa7504-2073-4d35-8f6a-f8b483e970e5', '2026-02-11 15:05:40.45+08', '执法办案中心104室候问厅南', '50.139.157.21', '50.139.158.168', '2026-02-11 15:05:40.45+08', NULL, '2026-02-11 15:13:29.629152+08');
INSERT INTO "public"."track_records" VALUES (181, 'b6fa7504-2073-4d35-8f6a-f8b483e970e5', '2026-02-11 15:33:15.25+08', '执法办案中心104室候问室2东', '50.139.157.34', '50.139.158.134', '2026-02-11 15:33:15.25+08', NULL, '2026-02-11 15:36:49.510332+08');
INSERT INTO "public"."track_records" VALUES (164, 'b6fa7504-2073-4d35-8f6a-f8b483e970e5', '2026-02-11 15:05:42.31+08', '执法办案中心104室候问厅南', '50.139.157.21', '50.139.158.168', '2026-02-11 15:05:42.31+08', NULL, '2026-02-11 15:13:31.688276+08');
INSERT INTO "public"."track_records" VALUES (190, 'b6fa7504-2073-4d35-8f6a-f8b483e970e5', '2026-02-11 16:01:35.2+08', '执法办案中心登记大厅西南', '50.139.157.6', '50.139.158.167', '2026-02-11 16:01:35.2+08', NULL, '2026-02-11 15:48:02.507594+08');
INSERT INTO "public"."track_records" VALUES (165, 'b6fa7504-2073-4d35-8f6a-f8b483e970e5', '2026-02-11 15:30:13.99+08', '执法办案中心106卫生间洗手台', '50.139.157.22', '50.139.158.190', '2026-02-11 15:30:13.99+08', NULL, '2026-02-11 15:13:40.633254+08');
INSERT INTO "public"."track_records" VALUES (182, 'b6fa7504-2073-4d35-8f6a-f8b483e970e5', '2026-02-11 15:29:38.27+08', '执法办案中心104室候问厅南', '50.139.157.21', '50.139.158.168', '2026-02-11 15:29:38.27+08', NULL, '2026-02-11 15:37:27.54927+08');
INSERT INTO "public"."track_records" VALUES (166, 'b6fa7504-2073-4d35-8f6a-f8b483e970e5', '2026-02-11 15:33:01.11+08', '执法办案中心信息采集区西北', '50.139.157.10', '50.139.158.189', '2026-02-11 15:33:01.11+08', NULL, '2026-02-11 15:14:19.672602+08');
INSERT INTO "public"."track_records" VALUES (194, 'b6fa7504-2073-4d35-8f6a-f8b483e970e5', '2026-02-11 16:01:37.66+08', '执法办案中心登记大厅西南', '50.139.157.6', '50.139.158.167', '2026-02-11 16:01:37.66+08', NULL, '2026-02-11 15:48:05.533689+08');
INSERT INTO "public"."track_records" VALUES (167, 'b6fa7504-2073-4d35-8f6a-f8b483e970e5', '2026-02-11 15:29:19.3+08', '执法办案中心走道104门南-西', '50.139.157.19', '50.139.158.142', '2026-02-11 15:29:19.3+08', NULL, '2026-02-11 15:14:30.918802+08');
INSERT INTO "public"."track_records" VALUES (183, 'b6fa7504-2073-4d35-8f6a-f8b483e970e5', '2026-02-11 15:34:08.86+08', '执法办案中心104室候问室2东', '50.139.157.34', '50.139.158.134', '2026-02-11 15:34:08.86+08', NULL, '2026-02-11 15:37:43.560125+08');
INSERT INTO "public"."track_records" VALUES (168, 'b6fa7504-2073-4d35-8f6a-f8b483e970e5', '2026-02-11 15:10:32.96+08', '执法办案中心104室候问厅北', '50.139.157.35', '50.139.158.161', '2026-02-11 15:10:32.96+08', NULL, '2026-02-11 15:14:31.085092+08');
INSERT INTO "public"."track_records" VALUES (191, 'b6fa7504-2073-4d35-8f6a-f8b483e970e5', '2026-02-11 16:01:36.5+08', '执法办案中心登记大厅西南', '50.139.157.6', '50.139.158.167', '2026-02-11 16:01:36.5+08', NULL, '2026-02-11 15:48:03.983196+08');
INSERT INTO "public"."track_records" VALUES (169, 'b6fa7504-2073-4d35-8f6a-f8b483e970e5', '2026-02-11 15:06:52.43+08', '执法办案中心104室候问厅南', '50.139.157.21', '50.139.158.168', '2026-02-11 15:06:52.43+08', NULL, '2026-02-11 15:14:41.865787+08');
INSERT INTO "public"."track_records" VALUES (184, 'b6fa7504-2073-4d35-8f6a-f8b483e970e5', '2026-02-11 15:34:38.31+08', '执法办案中心104室候问厅南', '50.139.157.21', '50.139.158.168', '2026-02-11 15:34:38.31+08', NULL, '2026-02-11 15:42:27.70216+08');
INSERT INTO "public"."track_records" VALUES (170, 'b6fa7504-2073-4d35-8f6a-f8b483e970e5', '2026-02-11 15:10:46.12+08', '执法办案中心104室候问厅北', '50.139.157.35', '50.139.158.161', '2026-02-11 15:10:46.12+08', NULL, '2026-02-11 15:14:43.714743+08');
INSERT INTO "public"."track_records" VALUES (197, 'b6fa7504-2073-4d35-8f6a-f8b483e970e5', '2026-02-11 15:40:32.83+08', '执法办案中心104室候问厅南', '50.139.157.21', '50.139.158.168', '2026-02-11 15:40:32.83+08', NULL, '2026-02-11 15:48:21.986012+08');
INSERT INTO "public"."track_records" VALUES (171, 'b6fa7504-2073-4d35-8f6a-f8b483e970e5', '2026-02-11 15:09:25.49+08', '执法办案中心104室候问厅南', '50.139.157.21', '50.139.158.168', '2026-02-11 15:09:25.49+08', NULL, '2026-02-11 15:17:14.778969+08');
INSERT INTO "public"."track_records" VALUES (185, 'b6fa7504-2073-4d35-8f6a-f8b483e970e5', '2026-02-11 15:36:40.95+08', '执法办案中心104室候问厅南', '50.139.157.21', '50.139.158.168', '2026-02-11 15:36:40.95+08', NULL, '2026-02-11 15:44:29.754326+08');
INSERT INTO "public"."track_records" VALUES (172, 'b6fa7504-2073-4d35-8f6a-f8b483e970e5', '2026-02-11 15:13:50.47+08', '执法办案中心104室候问室2东', '50.139.157.34', '50.139.158.134', '2026-02-11 15:13:50.47+08', NULL, '2026-02-11 15:17:24.845727+08');
INSERT INTO "public"."track_records" VALUES (192, 'b6fa7504-2073-4d35-8f6a-f8b483e970e5', '2026-02-11 15:44:06.32+08', '执法办案中心104室候问厅北', '50.139.157.35', '50.139.158.161', '2026-02-11 15:44:06.32+08', NULL, '2026-02-11 15:48:04.321381+08');
INSERT INTO "public"."track_records" VALUES (173, 'b6fa7504-2073-4d35-8f6a-f8b483e970e5', '2026-02-11 15:14:01.15+08', '执法办案中心104室候问室2东', '50.139.157.34', '50.139.158.134', '2026-02-11 15:14:01.15+08', NULL, '2026-02-11 15:17:35.816279+08');
INSERT INTO "public"."track_records" VALUES (186, 'b6fa7504-2073-4d35-8f6a-f8b483e970e5', '2026-02-11 15:36:49.99+08', '执法办案中心104室候问厅南', '50.139.157.21', '50.139.158.168', '2026-02-11 15:36:49.99+08', NULL, '2026-02-11 15:44:38.774012+08');
INSERT INTO "public"."track_records" VALUES (174, 'b6fa7504-2073-4d35-8f6a-f8b483e970e5', '2026-02-11 15:14:14.37+08', '执法办案中心104室候问室2东', '50.139.157.34', '50.139.158.134', '2026-02-11 15:14:14.37+08', NULL, '2026-02-11 15:17:48.799436+08');
INSERT INTO "public"."track_records" VALUES (161, 'b6fa7504-2073-4d35-8f6a-f8b483e970e5', '2026-02-11 15:39:16.93+08', '执法办案中心登记大厅西南', '50.139.157.3', '50.139.158.167', '2026-02-11 15:39:16.93+08', '2026-02-11 15:43:57.09+08', '2026-02-11 15:13:04.670343+08');
INSERT INTO "public"."track_records" VALUES (175, 'b6fa7504-2073-4d35-8f6a-f8b483e970e5', '2026-02-11 15:15:09.93+08', '执法办案中心104室候问室2东', '50.139.157.34', '50.139.158.134', '2026-02-11 15:15:09.93+08', NULL, '2026-02-11 15:18:43.823642+08');
INSERT INTO "public"."track_records" VALUES (199, 'b6fa7504-2073-4d35-8f6a-f8b483e970e5', '2026-02-11 16:13:10.96+08', '执法办案中心走道104候问室门南-东', '50.139.157.17', '50.139.158.166', '2026-02-11 16:13:10.96+08', '2026-02-11 16:15:02.67+08', '2026-02-11 15:48:32.227432+08');
INSERT INTO "public"."track_records" VALUES (176, 'b6fa7504-2073-4d35-8f6a-f8b483e970e5', '2026-02-11 15:25:25.59+08', '执法办案中心104室候问厅北', '50.139.157.35', '50.139.158.161', '2026-02-11 15:25:25.59+08', NULL, '2026-02-11 15:29:23.25444+08');
INSERT INTO "public"."track_records" VALUES (193, 'b6fa7504-2073-4d35-8f6a-f8b483e970e5', '2026-02-11 15:40:15.33+08', '执法办案中心104室候问厅南', '50.139.157.21', '50.139.158.168', '2026-02-11 15:40:15.33+08', NULL, '2026-02-11 15:48:05.508755+08');
INSERT INTO "public"."track_records" VALUES (195, 'b6fa7504-2073-4d35-8f6a-f8b483e970e5', '2026-02-11 16:04:52.65+08', '执法办案中心走道114门前-西', '50.139.157.16', '50.139.158.169', '2026-02-11 16:04:52.65+08', NULL, '2026-02-11 15:48:09.915023+08');
INSERT INTO "public"."track_records" VALUES (198, 'b6fa7504-2073-4d35-8f6a-f8b483e970e5', '2026-02-11 15:40:36.35+08', '执法办案中心104室候问厅南', '50.139.157.21', '50.139.158.168', '2026-02-11 15:40:36.35+08', NULL, '2026-02-11 15:48:25.924497+08');
INSERT INTO "public"."track_records" VALUES (196, 'b6fa7504-2073-4d35-8f6a-f8b483e970e5', '2026-02-11 15:40:32.15+08', '执法办案中心104室候问厅南', '50.139.157.21', '50.139.158.168', '2026-02-11 15:40:32.15+08', NULL, '2026-02-11 15:48:20.930993+08');
INSERT INTO "public"."track_records" VALUES (200, 'b6fa7504-2073-4d35-8f6a-f8b483e970e5', '2026-02-11 14:46:11.83+08', '执法办案中心人身安全检查区西南', '50.139.157.8', '50.139.158.180', '2026-02-11 14:46:11.83+08', NULL, '2026-02-11 15:48:32.448291+08');
INSERT INTO "public"."track_records" VALUES (201, 'b6fa7504-2073-4d35-8f6a-f8b483e970e5', '2026-02-11 15:40:42.35+08', '执法办案中心104室候问厅南', '50.139.157.21', '50.139.158.168', '2026-02-11 15:40:42.35+08', NULL, '2026-02-11 15:48:32.962197+08');
INSERT INTO "public"."track_records" VALUES (202, 'b6fa7504-2073-4d35-8f6a-f8b483e970e5', '2026-02-11 14:46:12.86+08', '执法办案中心人身安全检查区西南', '50.139.157.8', '50.139.158.180', '2026-02-11 14:46:12.86+08', NULL, '2026-02-11 15:48:33.469122+08');
INSERT INTO "public"."track_records" VALUES (203, 'b6fa7504-2073-4d35-8f6a-f8b483e970e5', '2026-02-11 14:46:13.32+08', '执法办案中心人身安全检查区西南', '50.139.157.8', '50.139.158.180', '2026-02-11 14:46:13.32+08', NULL, '2026-02-11 15:48:33.977489+08');
INSERT INTO "public"."track_records" VALUES (204, 'b6fa7504-2073-4d35-8f6a-f8b483e970e5', '2026-02-11 14:51:34.96+08', '执法办案中心人身安全检查区西南', '50.139.157.9', '50.139.158.180', '2026-02-11 14:51:34.96+08', NULL, '2026-02-11 15:48:39.392175+08');
INSERT INTO "public"."track_records" VALUES (205, 'b6fa7504-2073-4d35-8f6a-f8b483e970e5', '2026-02-11 14:46:18.22+08', '执法办案中心人身安全检查区西南', '50.139.157.8', '50.139.158.180', '2026-02-11 14:46:18.22+08', NULL, '2026-02-11 15:48:39.684365+08');
INSERT INTO "public"."track_records" VALUES (206, 'b6fa7504-2073-4d35-8f6a-f8b483e970e5', '2026-02-11 14:46:20.02+08', '执法办案中心人身安全检查区西南', '50.139.157.8', '50.139.158.180', '2026-02-11 14:46:20.02+08', NULL, '2026-02-11 15:48:41.00507+08');
INSERT INTO "public"."track_records" VALUES (207, 'b6fa7504-2073-4d35-8f6a-f8b483e970e5', '2026-02-11 14:51:37.96+08', '执法办案中心人身安全检查区西南', '50.139.157.9', '50.139.158.180', '2026-02-11 14:51:37.96+08', NULL, '2026-02-11 15:48:41.951413+08');
INSERT INTO "public"."track_records" VALUES (209, 'b6fa7504-2073-4d35-8f6a-f8b483e970e5', '2026-02-11 14:46:35.86+08', '执法办案中心人身安全检查区西南', '50.139.157.8', '50.139.158.180', '2026-02-11 14:46:35.86+08', NULL, '2026-02-11 15:48:55.981363+08');
INSERT INTO "public"."track_records" VALUES (229, 'b6fa7504-2073-4d35-8f6a-f8b483e970e5', '2026-02-11 14:53:02.38+08', '执法办案中心人身安全检查区西南', '50.139.157.9', '50.139.158.180', '2026-02-11 14:53:02.38+08', NULL, '2026-02-11 15:50:06.089927+08');
INSERT INTO "public"."track_records" VALUES (210, 'b6fa7504-2073-4d35-8f6a-f8b483e970e5', '2026-02-11 16:08:00.89+08', '执法办案中心信息采集区西北', '50.139.157.10', '50.139.158.189', '2026-02-11 16:08:00.89+08', NULL, '2026-02-11 15:49:20.358163+08');
INSERT INTO "public"."track_records" VALUES (239, 'b6fa7504-2073-4d35-8f6a-f8b483e970e5', '2026-02-11 15:47:01.14+08', '执法办案中心走道104候问室门南-东', '50.139.157.18', '50.139.158.166', '2026-02-11 15:47:01.14+08', NULL, '2026-02-11 15:57:43.771599+08');
INSERT INTO "public"."track_records" VALUES (211, 'b6fa7504-2073-4d35-8f6a-f8b483e970e5', '2026-02-11 15:38:39.82+08', '执法办案中心走道104候问室门南-东', '50.139.157.18', '50.139.158.166', '2026-02-11 15:38:39.82+08', NULL, '2026-02-11 15:49:23.197162+08');
INSERT INTO "public"."track_records" VALUES (230, 'b6fa7504-2073-4d35-8f6a-f8b483e970e5', '2026-02-11 14:47:46.78+08', '执法办案中心人身安全检查区西南', '50.139.157.8', '50.139.158.180', '2026-02-11 14:47:46.78+08', NULL, '2026-02-11 15:50:07.107466+08');
INSERT INTO "public"."track_records" VALUES (212, 'b6fa7504-2073-4d35-8f6a-f8b483e970e5', '2026-02-11 16:08:04.05+08', '执法办案中心信息采集区西北', '50.139.157.10', '50.139.158.189', '2026-02-11 16:08:04.05+08', NULL, '2026-02-11 15:49:23.420646+08');
INSERT INTO "public"."track_records" VALUES (208, 'b6fa7504-2073-4d35-8f6a-f8b483e970e5', '2026-02-11 16:15:02.67+08', '执法办案中心登记大厅西南', '50.139.157.3', '50.139.158.167', '2026-02-11 16:15:02.67+08', '2026-02-11 16:22:28.02+08', '2026-02-11 15:48:50.004258+08');
INSERT INTO "public"."track_records" VALUES (213, 'b6fa7504-2073-4d35-8f6a-f8b483e970e5', '2026-02-11 16:08:05.25+08', '执法办案中心信息采集区西北', '50.139.157.10', '50.139.158.189', '2026-02-11 16:08:05.25+08', NULL, '2026-02-11 15:49:24.0042+08');
INSERT INTO "public"."track_records" VALUES (231, 'b6fa7504-2073-4d35-8f6a-f8b483e970e5', '2026-02-11 14:48:02.05+08', '执法办案中心人身安全检查区西南', '50.139.157.8', '50.139.158.180', '2026-02-11 14:48:02.05+08', NULL, '2026-02-11 15:50:22.329074+08');
INSERT INTO "public"."track_records" VALUES (214, 'b6fa7504-2073-4d35-8f6a-f8b483e970e5', '2026-02-11 15:40:39.34+08', 'unknown', '50.139.157.50', '50.139.157.50', '2026-02-11 15:40:39.34+08', NULL, '2026-02-11 15:49:26.400449+08');
INSERT INTO "public"."track_records" VALUES (215, 'b6fa7504-2073-4d35-8f6a-f8b483e970e5', '2026-02-11 14:52:25.46+08', '执法办案中心人身安全检查区西南', '50.139.157.9', '50.139.158.180', '2026-02-11 14:52:25.46+08', NULL, '2026-02-11 15:49:29.03122+08');
INSERT INTO "public"."track_records" VALUES (232, 'b6fa7504-2073-4d35-8f6a-f8b483e970e5', '2026-02-11 14:48:01.27+08', '执法办案中心人身安全检查区西南', '50.139.157.8', '50.139.158.180', '2026-02-11 14:48:01.27+08', NULL, '2026-02-11 15:50:22.709543+08');
INSERT INTO "public"."track_records" VALUES (216, 'b6fa7504-2073-4d35-8f6a-f8b483e970e5', '2026-02-11 14:52:25.46+08', '执法办案中心人身安全检查区西南', '50.139.157.9', '50.139.158.180', '2026-02-11 14:52:25.46+08', NULL, '2026-02-11 15:49:29.131286+08');
INSERT INTO "public"."track_records" VALUES (244, 'b6fa7504-2073-4d35-8f6a-f8b483e970e5', '2026-02-11 16:16:38.34+08', '执法办案中心102室医疗体检东北', '50.139.157.13', '50.139.158.135', '2026-02-11 16:16:38.34+08', NULL, '2026-02-11 16:05:40.555472+08');
INSERT INTO "public"."track_records" VALUES (217, 'b6fa7504-2073-4d35-8f6a-f8b483e970e5', '2026-02-11 16:08:12.87+08', '执法办案中心信息采集区西北', '50.139.157.10', '50.139.158.189', '2026-02-11 16:08:12.87+08', NULL, '2026-02-11 15:49:31.015313+08');
INSERT INTO "public"."track_records" VALUES (233, 'b6fa7504-2073-4d35-8f6a-f8b483e970e5', '2026-02-11 14:48:01.27+08', '执法办案中心人身安全检查区西南', '50.139.157.8', '50.139.158.180', '2026-02-11 14:48:01.27+08', NULL, '2026-02-11 15:50:22.821416+08');
INSERT INTO "public"."track_records" VALUES (218, 'b6fa7504-2073-4d35-8f6a-f8b483e970e5', '2026-02-11 14:52:28.76+08', '执法办案中心人身安全检查区西南', '50.139.157.9', '50.139.158.180', '2026-02-11 14:52:28.76+08', NULL, '2026-02-11 15:49:32.217862+08');
INSERT INTO "public"."track_records" VALUES (241, 'b6fa7504-2073-4d35-8f6a-f8b483e970e5', '2026-02-11 14:55:28.73+08', '执法办案中心人身安全检查区西南', '50.139.157.8', '50.139.158.180', '2026-02-11 14:55:28.73+08', NULL, '2026-02-11 15:57:49.21528+08');
INSERT INTO "public"."track_records" VALUES (219, 'b6fa7504-2073-4d35-8f6a-f8b483e970e5', '2026-02-11 14:52:28.76+08', '执法办案中心人身安全检查区西南', '50.139.157.9', '50.139.158.180', '2026-02-11 14:52:28.76+08', NULL, '2026-02-11 15:49:32.403323+08');
INSERT INTO "public"."track_records" VALUES (234, 'b6fa7504-2073-4d35-8f6a-f8b483e970e5', '2026-02-11 14:48:06.52+08', '执法办案中心人身安全检查区西南', '50.139.157.8', '50.139.158.180', '2026-02-11 14:48:06.52+08', NULL, '2026-02-11 15:50:28.106175+08');
INSERT INTO "public"."track_records" VALUES (220, 'b6fa7504-2073-4d35-8f6a-f8b483e970e5', '2026-02-11 15:40:45.62+08', 'unknown', '50.139.157.50', '50.139.157.50', '2026-02-11 15:40:45.62+08', NULL, '2026-02-11 15:49:32.511644+08');
INSERT INTO "public"."track_records" VALUES (247, 'b6fa7504-2073-4d35-8f6a-f8b483e970e5', '2026-02-11 15:03:31.22+08', '执法办案中心人身安全检查区西南', '50.139.157.8', '50.139.158.180', '2026-02-11 15:03:31.22+08', NULL, '2026-02-11 16:05:51.592974+08');
INSERT INTO "public"."track_records" VALUES (221, 'b6fa7504-2073-4d35-8f6a-f8b483e970e5', '2026-02-11 14:52:31.09+08', '执法办案中心人身安全检查区西南', '50.139.157.9', '50.139.158.180', '2026-02-11 14:52:31.09+08', NULL, '2026-02-11 15:49:35.042247+08');
INSERT INTO "public"."track_records" VALUES (235, 'b6fa7504-2073-4d35-8f6a-f8b483e970e5', '2026-02-11 16:15:01.05+08', '执法办案中心信息采集区西北', '50.139.157.10', '50.139.158.189', '2026-02-11 16:15:01.05+08', NULL, '2026-02-11 15:56:19.757306+08');
INSERT INTO "public"."track_records" VALUES (222, 'b6fa7504-2073-4d35-8f6a-f8b483e970e5', '2026-02-11 14:47:17.6+08', '执法办案中心人身安全检查区西南', '50.139.157.8', '50.139.158.180', '2026-02-11 14:47:17.6+08', NULL, '2026-02-11 15:49:38.026211+08');
INSERT INTO "public"."track_records" VALUES (242, 'b6fa7504-2073-4d35-8f6a-f8b483e970e5', '2026-02-11 14:55:29.05+08', '执法办案中心人身安全检查区西南', '50.139.157.8', '50.139.158.180', '2026-02-11 14:55:29.05+08', NULL, '2026-02-11 15:57:49.773809+08');
INSERT INTO "public"."track_records" VALUES (223, 'b6fa7504-2073-4d35-8f6a-f8b483e970e5', '2026-02-11 15:40:54.26+08', 'unknown', '50.139.157.50', '50.139.157.50', '2026-02-11 15:40:54.26+08', NULL, '2026-02-11 15:49:41.047496+08');
INSERT INTO "public"."track_records" VALUES (236, 'b6fa7504-2073-4d35-8f6a-f8b483e970e5', '2026-02-11 15:52:30.98+08', '执法办案中心104室候问厅北', '50.139.157.35', '50.139.158.161', '2026-02-11 15:52:30.98+08', NULL, '2026-02-11 15:56:29.142587+08');
INSERT INTO "public"."track_records" VALUES (224, 'b6fa7504-2073-4d35-8f6a-f8b483e970e5', '2026-02-11 16:12:40.57+08', '执法办案中心走道104候问室门南-东', '50.139.157.20', '50.139.158.166', '2026-02-11 16:12:40.57+08', NULL, '2026-02-11 15:49:54.110976+08');
INSERT INTO "public"."track_records" VALUES (240, 'b6fa7504-2073-4d35-8f6a-f8b483e970e5', '2026-02-11 16:22:28.02+08', '执法办案中心走道104候问室门南-东', '50.139.157.17', '50.139.158.166', '2026-02-11 16:22:28.02+08', '2026-02-11 16:24:25.35+08', '2026-02-11 15:57:48.848563+08');
INSERT INTO "public"."track_records" VALUES (225, 'b6fa7504-2073-4d35-8f6a-f8b483e970e5', '2026-02-11 15:39:16.46+08', '执法办案中心走道104候问室门南-东', '50.139.157.18', '50.139.158.166', '2026-02-11 15:39:16.46+08', NULL, '2026-02-11 15:49:59.109222+08');
INSERT INTO "public"."track_records" VALUES (237, 'b6fa7504-2073-4d35-8f6a-f8b483e970e5', '2026-02-11 15:48:43.68+08', 'unknown', '50.139.157.50', '50.139.157.50', '2026-02-11 15:48:43.68+08', NULL, '2026-02-11 15:57:29.788516+08');
INSERT INTO "public"."track_records" VALUES (226, 'b6fa7504-2073-4d35-8f6a-f8b483e970e5', '2026-02-11 14:47:40.08+08', '执法办案中心人身安全检查区西南', '50.139.157.8', '50.139.158.180', '2026-02-11 14:47:40.08+08', NULL, '2026-02-11 15:50:01.059924+08');
INSERT INTO "public"."track_records" VALUES (245, 'b6fa7504-2073-4d35-8f6a-f8b483e970e5', '2026-02-11 16:06:10.14+08', '执法办案中心102室医疗体检东北', '50.139.157.14', '50.139.158.135', '2026-02-11 16:06:10.14+08', NULL, '2026-02-11 16:05:41.555968+08');
INSERT INTO "public"."track_records" VALUES (227, 'b6fa7504-2073-4d35-8f6a-f8b483e970e5', '2026-02-11 14:52:58.44+08', '执法办案中心人身安全检查区西南', '50.139.157.9', '50.139.158.180', '2026-02-11 14:52:58.44+08', NULL, '2026-02-11 15:50:02.063503+08');
INSERT INTO "public"."track_records" VALUES (228, 'b6fa7504-2073-4d35-8f6a-f8b483e970e5', '2026-02-11 16:14:42.74+08', '执法办案中心走道104候问室门南-东', '50.139.157.17', '50.139.158.166', '2026-02-11 16:14:42.74+08', NULL, '2026-02-11 15:50:04.072554+08');
INSERT INTO "public"."track_records" VALUES (238, 'b6fa7504-2073-4d35-8f6a-f8b483e970e5', '2026-02-11 15:48:47.1+08', 'unknown', '50.139.157.50', '50.139.157.50', '2026-02-11 15:48:47.1+08', NULL, '2026-02-11 15:57:33.767912+08');
INSERT INTO "public"."track_records" VALUES (243, 'b6fa7504-2073-4d35-8f6a-f8b483e970e5', '2026-02-11 16:24:25.35+08', '执法办案中心登记大厅西南', '50.139.157.3', '50.139.158.167', '2026-02-11 16:24:25.35+08', '2026-02-11 16:24:47.71+08', '2026-02-11 15:58:12.907432+08');
INSERT INTO "public"."track_records" VALUES (246, 'b6fa7504-2073-4d35-8f6a-f8b483e970e5', '2026-02-11 16:12:21.27+08', '执法办案中心102室医疗体检东北', '50.139.157.12', '50.139.158.135', '2026-02-11 16:12:21.27+08', NULL, '2026-02-11 16:05:48.558507+08');
INSERT INTO "public"."track_records" VALUES (249, 'b6fa7504-2073-4d35-8f6a-f8b483e970e5', '2026-02-11 16:21:05.1+08', '执法办案中心走道104门南-西', '50.139.157.19', '50.139.158.142', '2026-02-11 16:21:05.1+08', NULL, '2026-02-11 16:06:15.632769+08');
INSERT INTO "public"."track_records" VALUES (248, 'b6fa7504-2073-4d35-8f6a-f8b483e970e5', '2026-02-11 16:24:47.71+08', '执法办案中心信息采集区西北', '50.139.157.10', '50.139.158.189', '2026-02-11 16:24:47.71+08', '2026-02-11 16:31:57.04+08', '2026-02-11 16:06:06.573466+08');
INSERT INTO "public"."track_records" VALUES (250, 'b6fa7504-2073-4d35-8f6a-f8b483e970e5', '2026-02-11 16:12:45.37+08', '执法办案中心104室候问室4东', '50.139.157.24', '50.139.158.145', '2026-02-11 16:12:45.37+08', NULL, '2026-02-11 16:06:36.601159+08');
INSERT INTO "public"."track_records" VALUES (251, 'b6fa7504-2073-4d35-8f6a-f8b483e970e5', '2026-02-11 16:12:57.18+08', '执法办案中心104室候问室4东', '50.139.157.24', '50.139.158.145', '2026-02-11 16:12:57.18+08', NULL, '2026-02-11 16:06:48.630531+08');
INSERT INTO "public"."track_records" VALUES (252, 'b6fa7504-2073-4d35-8f6a-f8b483e970e5', '2026-02-11 16:12:58.69+08', '执法办案中心104室候问室4东', '50.139.157.24', '50.139.158.145', '2026-02-11 16:12:58.69+08', NULL, '2026-02-11 16:06:50.656298+08');
INSERT INTO "public"."track_records" VALUES (253, 'b6fa7504-2073-4d35-8f6a-f8b483e970e5', '2026-02-11 16:13:03.71+08', '执法办案中心104室候问室4东', '50.139.157.24', '50.139.158.145', '2026-02-11 16:13:03.71+08', NULL, '2026-02-11 16:06:55.655272+08');
INSERT INTO "public"."track_records" VALUES (293, 'b6fa7504-2073-4d35-8f6a-f8b483e970e5', '2026-02-11 17:46:13.69+08', '执法办案中心登记大厅西南', '50.139.157.3', '50.139.158.167', '2026-02-11 17:46:13.69+08', '2026-02-11 18:08:18.52+08', '2026-02-11 17:20:01.985445+08');
INSERT INTO "public"."track_records" VALUES (255, 'b6fa7504-2073-4d35-8f6a-f8b483e970e5', '2026-02-11 15:04:59.51+08', '执法办案中心人身安全检查区西南', '50.139.157.8', '50.139.158.180', '2026-02-11 15:04:59.51+08', NULL, '2026-02-11 16:07:19.84759+08');
INSERT INTO "public"."track_records" VALUES (277, 'b6fa7504-2073-4d35-8f6a-f8b483e970e5', '2026-02-11 17:06:18.34+08', '执法办案中心登记大厅西南', '50.139.157.4', '50.139.158.167', '2026-02-11 17:06:18.34+08', NULL, '2026-02-11 16:55:53.652746+08');
INSERT INTO "public"."track_records" VALUES (256, 'b6fa7504-2073-4d35-8f6a-f8b483e970e5', '2026-02-11 16:29:51.66+08', '执法办案中心登记大厅西南', '50.139.157.4', '50.139.158.167', '2026-02-11 16:29:51.66+08', NULL, '2026-02-11 16:19:27.404234+08');
INSERT INTO "public"."track_records" VALUES (254, 'b6fa7504-2073-4d35-8f6a-f8b483e970e5', '2026-02-11 16:31:57.04+08', '执法办案中心走道104候问室门南-东', '50.139.157.17', '50.139.158.166', '2026-02-11 16:31:57.04+08', '2026-02-11 16:38:11.35+08', '2026-02-11 16:07:17.866328+08');
INSERT INTO "public"."track_records" VALUES (288, 'b6fa7504-2073-4d35-8f6a-f8b483e970e5', '2026-02-11 17:30:05.22+08', '执法办案中心登记大厅西南', '50.139.157.4', '50.139.158.167', '2026-02-11 17:30:05.22+08', NULL, '2026-02-11 17:19:40.135535+08');
INSERT INTO "public"."track_records" VALUES (258, 'b6fa7504-2073-4d35-8f6a-f8b483e970e5', '2026-02-11 16:22:48.32+08', '执法办案中心105特殊候问室2', '50.139.157.28', '50.139.158.137', '2026-02-11 16:22:48.32+08', NULL, '2026-02-11 16:19:53.319296+08');
INSERT INTO "public"."track_records" VALUES (278, 'b6fa7504-2073-4d35-8f6a-f8b483e970e5', '2026-02-11 17:06:32.82+08', '执法办案中心登记大厅西南', '50.139.157.4', '50.139.158.167', '2026-02-11 17:06:32.82+08', NULL, '2026-02-11 16:56:07.657663+08');
INSERT INTO "public"."track_records" VALUES (259, 'b6fa7504-2073-4d35-8f6a-f8b483e970e5', '2026-02-11 16:23:01.82+08', '执法办案中心105特殊候问室2', '50.139.157.28', '50.139.158.137', '2026-02-11 16:23:01.82+08', NULL, '2026-02-11 16:20:06.332076+08');
INSERT INTO "public"."track_records" VALUES (260, 'b6fa7504-2073-4d35-8f6a-f8b483e970e5', '2026-02-11 16:23:05.82+08', '执法办案中心105特殊候问室2', '50.139.157.28', '50.139.158.137', '2026-02-11 16:23:05.82+08', NULL, '2026-02-11 16:20:10.311401+08');
INSERT INTO "public"."track_records" VALUES (279, 'b6fa7504-2073-4d35-8f6a-f8b483e970e5', '2026-02-11 17:06:45.94+08', '执法办案中心登记大厅西南', '50.139.157.4', '50.139.158.167', '2026-02-11 17:06:45.94+08', NULL, '2026-02-11 16:56:20.663552+08');
INSERT INTO "public"."track_records" VALUES (261, 'b6fa7504-2073-4d35-8f6a-f8b483e970e5', '2026-02-11 16:23:09.49+08', '执法办案中心105特殊候问室2', '50.139.157.28', '50.139.158.137', '2026-02-11 16:23:09.49+08', NULL, '2026-02-11 16:20:14.337911+08');
INSERT INTO "public"."track_records" VALUES (289, 'b6fa7504-2073-4d35-8f6a-f8b483e970e5', '2026-02-11 17:33:13.86+08', '执法办案中心登记大厅西南', '50.139.157.6', '50.139.158.167', '2026-02-11 17:33:13.86+08', NULL, '2026-02-11 17:19:41.085864+08');
INSERT INTO "public"."track_records" VALUES (262, 'b6fa7504-2073-4d35-8f6a-f8b483e970e5', '2026-02-11 16:34:15.68+08', '执法办案中心登记大厅西南', '50.139.157.6', '50.139.158.167', '2026-02-11 16:34:15.68+08', NULL, '2026-02-11 16:20:42.612107+08');
INSERT INTO "public"."track_records" VALUES (257, 'b6fa7504-2073-4d35-8f6a-f8b483e970e5', '2026-02-11 16:38:11.35+08', '执法办案中心信息采集区西北', '50.139.157.10', '50.139.158.189', '2026-02-11 16:38:11.35+08', '2026-02-11 16:48:19.09+08', '2026-02-11 16:19:30.243673+08');
INSERT INTO "public"."track_records" VALUES (280, 'b6fa7504-2073-4d35-8f6a-f8b483e970e5', '2026-02-11 16:48:48.26+08', 'unknown', '50.139.157.50', '50.139.157.50', '2026-02-11 16:48:48.26+08', NULL, '2026-02-11 16:57:34.732409+08');
INSERT INTO "public"."track_records" VALUES (264, 'b6fa7504-2073-4d35-8f6a-f8b483e970e5', '2026-02-11 16:42:34.16+08', '执法办案中心走道104门南-西', '50.139.157.19', '50.139.158.142', '2026-02-11 16:42:34.16+08', NULL, '2026-02-11 16:27:45.350469+08');
INSERT INTO "public"."track_records" VALUES (285, 'b6fa7504-2073-4d35-8f6a-f8b483e970e5', '2026-02-11 17:37:14.01+08', '执法办案中心信息采集区西北', '50.139.157.10', '50.139.158.189', '2026-02-11 17:37:14.01+08', '2026-02-11 17:44:35.42+08', '2026-02-11 17:18:32.866053+08');
INSERT INTO "public"."track_records" VALUES (265, 'b6fa7504-2073-4d35-8f6a-f8b483e970e5', '2026-02-11 16:44:40.8+08', '执法办案中心走道114门前-西', '50.139.157.16', '50.139.158.169', '2026-02-11 16:44:40.8+08', NULL, '2026-02-11 16:27:58.344137+08');
INSERT INTO "public"."track_records" VALUES (263, 'b6fa7504-2073-4d35-8f6a-f8b483e970e5', '2026-02-11 16:48:19.09+08', '执法办案中心登记大厅西南', '50.139.157.3', '50.139.158.167', '2026-02-11 16:48:19.09+08', '2026-02-11 16:51:18.41+08', '2026-02-11 16:22:07.334842+08');
INSERT INTO "public"."track_records" VALUES (266, 'b6fa7504-2073-4d35-8f6a-f8b483e970e5', '2026-02-11 16:51:18.41+08', '执法办案中心走道104候问室门南-东', '50.139.157.20', '50.139.158.166', '2026-02-11 16:51:18.41+08', '2026-02-11 16:55:16.49+08', '2026-02-11 16:28:32.35123+08');
INSERT INTO "public"."track_records" VALUES (267, 'b6fa7504-2073-4d35-8f6a-f8b483e970e5', '2026-02-11 16:55:16.49+08', '执法办案中心登记大厅西南', '50.139.157.3', '50.139.158.167', '2026-02-11 16:55:16.49+08', '2026-02-11 17:06:07.07+08', '2026-02-11 16:29:04.254595+08');
INSERT INTO "public"."track_records" VALUES (281, 'b6fa7504-2073-4d35-8f6a-f8b483e970e5', '2026-02-11 16:49:16.28+08', 'unknown', '50.139.157.50', '50.139.157.50', '2026-02-11 16:49:16.28+08', NULL, '2026-02-11 16:58:02.767721+08');
INSERT INTO "public"."track_records" VALUES (269, 'b6fa7504-2073-4d35-8f6a-f8b483e970e5', '2026-02-11 17:04:20.62+08', '执法办案中心106卫生间洗手台', '50.139.157.22', '50.139.158.190', '2026-02-11 17:04:20.62+08', NULL, '2026-02-11 16:47:47.383404+08');
INSERT INTO "public"."track_records" VALUES (268, 'b6fa7504-2073-4d35-8f6a-f8b483e970e5', '2026-02-11 17:06:07.07+08', '执法办案中心信息采集区西北', '50.139.157.10', '50.139.158.189', '2026-02-11 17:06:07.07+08', '2026-02-11 17:11:25.85+08', '2026-02-11 16:47:25.456219+08');
INSERT INTO "public"."track_records" VALUES (271, 'b6fa7504-2073-4d35-8f6a-f8b483e970e5', '2026-02-11 15:46:33.83+08', '执法办案中心人身安全检查区西南', '50.139.157.8', '50.139.158.180', '2026-02-11 15:46:33.83+08', NULL, '2026-02-11 16:48:54.416313+08');
INSERT INTO "public"."track_records" VALUES (282, 'b6fa7504-2073-4d35-8f6a-f8b483e970e5', '2026-02-11 15:55:59.16+08', '执法办案中心人身安全检查区西南', '50.139.157.8', '50.139.158.180', '2026-02-11 15:55:59.16+08', NULL, '2026-02-11 16:58:19.956517+08');
INSERT INTO "public"."track_records" VALUES (272, 'b6fa7504-2073-4d35-8f6a-f8b483e970e5', '2026-02-11 16:59:27.5+08', '执法办案中心登记大厅西南', '50.139.157.4', '50.139.158.167', '2026-02-11 16:59:27.5+08', NULL, '2026-02-11 16:49:02.457345+08');
INSERT INTO "public"."track_records" VALUES (273, 'b6fa7504-2073-4d35-8f6a-f8b483e970e5', '2026-02-11 17:08:50.32+08', '执法办案中心登记大厅西南', '50.139.157.6', '50.139.158.167', '2026-02-11 17:08:50.32+08', NULL, '2026-02-11 16:55:17.698624+08');
INSERT INTO "public"."track_records" VALUES (283, 'b6fa7504-2073-4d35-8f6a-f8b483e970e5', '2026-02-11 15:56:02.08+08', '执法办案中心人身安全检查区西南', '50.139.157.8', '50.139.158.180', '2026-02-11 15:56:02.08+08', NULL, '2026-02-11 16:58:22.822092+08');
INSERT INTO "public"."track_records" VALUES (274, 'b6fa7504-2073-4d35-8f6a-f8b483e970e5', '2026-02-11 17:08:53.86+08', '执法办案中心登记大厅西南', '50.139.157.6', '50.139.158.167', '2026-02-11 17:08:53.86+08', NULL, '2026-02-11 16:55:20.633211+08');
INSERT INTO "public"."track_records" VALUES (270, 'b6fa7504-2073-4d35-8f6a-f8b483e970e5', '2026-02-11 17:11:25.85+08', '执法办案中心走道104候问室门南-东', '50.139.157.20', '50.139.158.166', '2026-02-11 17:11:25.85+08', '2026-02-11 17:25:18.17+08', '2026-02-11 16:48:39.444169+08');
INSERT INTO "public"."track_records" VALUES (275, 'b6fa7504-2073-4d35-8f6a-f8b483e970e5', '2026-02-11 17:09:00.72+08', '执法办案中心登记大厅西南', '50.139.157.6', '50.139.158.167', '2026-02-11 17:09:00.72+08', NULL, '2026-02-11 16:55:27.635785+08');
INSERT INTO "public"."track_records" VALUES (291, 'b6fa7504-2073-4d35-8f6a-f8b483e970e5', '2026-02-11 16:17:36.04+08', '执法办案中心人身安全检查区西南', '50.139.157.8', '50.139.158.180', '2026-02-11 16:17:36.04+08', NULL, '2026-02-11 17:19:57.342043+08');
INSERT INTO "public"."track_records" VALUES (276, 'b6fa7504-2073-4d35-8f6a-f8b483e970e5', '2026-02-11 17:05:48.94+08', '执法办案中心登记大厅西南', '50.139.157.5', '50.139.158.167', '2026-02-11 17:05:48.94+08', NULL, '2026-02-11 16:55:29.64494+08');
INSERT INTO "public"."track_records" VALUES (284, 'b6fa7504-2073-4d35-8f6a-f8b483e970e5', '2026-02-11 17:25:18.17+08', '执法办案中心登记大厅西南', '50.139.157.3', '50.139.158.167', '2026-02-11 17:25:18.17+08', '2026-02-11 17:37:14.01+08', '2026-02-11 16:59:05.824683+08');
INSERT INTO "public"."track_records" VALUES (295, 'b6fa7504-2073-4d35-8f6a-f8b483e970e5', '2026-02-11 18:03:17.36+08', '执法办案中心登记大厅西南', '50.139.157.6', '50.139.158.167', '2026-02-11 18:03:17.36+08', NULL, '2026-02-11 17:49:44.048164+08');
INSERT INTO "public"."track_records" VALUES (286, 'b6fa7504-2073-4d35-8f6a-f8b483e970e5', '2026-02-11 17:35:26.19+08', '执法办案中心106卫生间洗手台', '50.139.157.22', '50.139.158.190', '2026-02-11 17:35:26.19+08', NULL, '2026-02-11 17:18:52.85149+08');
INSERT INTO "public"."track_records" VALUES (294, 'b6fa7504-2073-4d35-8f6a-f8b483e970e5', '2026-02-11 18:08:18.52+08', '执法办案中心信息采集区西北', '50.139.157.10', '50.139.158.189', '2026-02-11 18:08:18.52+08', '2026-02-11 18:15:59.61+08', '2026-02-11 17:49:37.087134+08');
INSERT INTO "public"."track_records" VALUES (287, 'b6fa7504-2073-4d35-8f6a-f8b483e970e5', '2026-02-11 17:10:47.42+08', 'unknown', '50.139.157.50', '50.139.157.50', '2026-02-11 17:10:47.42+08', NULL, '2026-02-11 17:19:33.896081+08');
INSERT INTO "public"."track_records" VALUES (292, 'b6fa7504-2073-4d35-8f6a-f8b483e970e5', '2026-02-11 17:30:25.16+08', '执法办案中心登记大厅西南', '50.139.157.4', '50.139.158.167', '2026-02-11 17:30:25.16+08', NULL, '2026-02-11 17:20:00.34736+08');
INSERT INTO "public"."track_records" VALUES (290, 'b6fa7504-2073-4d35-8f6a-f8b483e970e5', '2026-02-11 17:44:35.42+08', '执法办案中心走道104候问室门南-东', '50.139.157.17', '50.139.158.166', '2026-02-11 17:44:35.42+08', '2026-02-11 17:46:13.69+08', '2026-02-11 17:19:56.324843+08');
INSERT INTO "public"."track_records" VALUES (297, 'b6fa7504-2073-4d35-8f6a-f8b483e970e5', '2026-02-11 16:48:36.25+08', '执法办案中心人身安全检查区西南', '50.139.157.8', '50.139.158.180', '2026-02-11 16:48:36.25+08', NULL, '2026-02-11 17:50:57.270691+08');
INSERT INTO "public"."track_records" VALUES (296, 'b6fa7504-2073-4d35-8f6a-f8b483e970e5', '2026-02-11 18:15:59.61+08', '执法办案中心登记大厅西南', '50.139.157.3', '50.139.158.167', '2026-02-11 18:15:59.61+08', '2026-02-11 18:15:35.48+08', '2026-02-11 17:49:47.16287+08');
INSERT INTO "public"."track_records" VALUES (298, 'b6fa7504-2073-4d35-8f6a-f8b483e970e5', '2026-02-11 18:15:35.48+08', '执法办案中心走道104候问室门南-东', '50.139.157.17', '50.139.158.166', '2026-02-11 18:15:35.48+08', NULL, '2026-02-11 17:50:57.579064+08');

-- ----------------------------
-- Alter sequences owned by
-- ----------------------------
ALTER SEQUENCE "public"."camera_mapping_id_seq"
OWNED BY "public"."camera_mapping"."id";
SELECT setval('"public"."camera_mapping_id_seq"', 49, true);

-- ----------------------------
-- Alter sequences owned by
-- ----------------------------
ALTER SEQUENCE "public"."face_cameras_id_seq"
OWNED BY "public"."face_cameras"."id";
SELECT setval('"public"."face_cameras_id_seq"', 1, true);

-- ----------------------------
-- Alter sequences owned by
-- ----------------------------
ALTER SEQUENCE "public"."record_cameras_id_seq"
OWNED BY "public"."record_cameras"."id";
SELECT setval('"public"."record_cameras_id_seq"', 1, false);

-- ----------------------------
-- Alter sequences owned by
-- ----------------------------
ALTER SEQUENCE "public"."track_records_id_seq"
OWNED BY "public"."track_records"."id";
SELECT setval('"public"."track_records_id_seq"', 298, true);

-- ----------------------------
-- Indexes structure for table camera_mapping
-- ----------------------------
CREATE INDEX "idx_camera_mapping_face" ON "public"."camera_mapping" USING btree (
  "face_camera_id" "pg_catalog"."int8_ops" ASC NULLS LAST
);
CREATE INDEX "idx_camera_mapping_record" ON "public"."camera_mapping" USING btree (
  "record_camera_id" "pg_catalog"."int8_ops" ASC NULLS LAST
);

-- ----------------------------
-- Primary Key structure for table camera_mapping
-- ----------------------------
ALTER TABLE "public"."camera_mapping" ADD CONSTRAINT "camera_mapping_pkey" PRIMARY KEY ("id");

-- ----------------------------
-- Uniques structure for table face_cameras
-- ----------------------------
ALTER TABLE "public"."face_cameras" ADD CONSTRAINT "face_cameras_camera_ip_key" UNIQUE ("camera_ip");

-- ----------------------------
-- Primary Key structure for table face_cameras
-- ----------------------------
ALTER TABLE "public"."face_cameras" ADD CONSTRAINT "face_cameras_pkey" PRIMARY KEY ("id");

-- ----------------------------
-- Indexes structure for table face_persons
-- ----------------------------
CREATE INDEX "idx_face_persons_created_at" ON "public"."face_persons" USING btree (
  "created_at" "pg_catalog"."timestamptz_ops" DESC NULLS FIRST
);
CREATE INDEX "idx_face_persons_username" ON "public"."face_persons" USING btree (
  "user_name" COLLATE "pg_catalog"."default" "pg_catalog"."text_ops" ASC NULLS LAST
);

-- ----------------------------
-- Primary Key structure for table face_persons
-- ----------------------------
ALTER TABLE "public"."face_persons" ADD CONSTRAINT "face_persons_pkey" PRIMARY KEY ("id");

-- ----------------------------
-- Indexes structure for table record_cameras
-- ----------------------------
CREATE INDEX "idx_record_cameras_location" ON "public"."record_cameras" USING btree (
  "location_name" COLLATE "pg_catalog"."default" "pg_catalog"."text_ops" ASC NULLS LAST
);

-- ----------------------------
-- Uniques structure for table record_cameras
-- ----------------------------
ALTER TABLE "public"."record_cameras" ADD CONSTRAINT "record_cameras_camera_ip_key" UNIQUE ("camera_ip");

-- ----------------------------
-- Primary Key structure for table record_cameras
-- ----------------------------
ALTER TABLE "public"."record_cameras" ADD CONSTRAINT "record_cameras_pkey" PRIMARY KEY ("id");

-- ----------------------------
-- Indexes structure for table track_records
-- ----------------------------
CREATE INDEX "idx_track_person_time" ON "public"."track_records" USING btree (
  "person_id" "pg_catalog"."uuid_ops" ASC NULLS LAST,
  "snap_time" "pg_catalog"."timestamptz_ops" DESC NULLS FIRST
);
CREATE INDEX "idx_track_records_camera" ON "public"."track_records" USING btree (
  "snap_camera_ip" COLLATE "pg_catalog"."default" "pg_catalog"."text_ops" ASC NULLS LAST
);
CREATE INDEX "idx_track_records_location" ON "public"."track_records" USING btree (
  "snap_location" COLLATE "pg_catalog"."default" "pg_catalog"."text_ops" ASC NULLS LAST
);
CREATE INDEX "idx_track_records_record_camera" ON "public"."track_records" USING btree (
  "record_camera_ip" COLLATE "pg_catalog"."default" "pg_catalog"."text_ops" ASC NULLS LAST
);
CREATE INDEX "idx_track_records_snap_time" ON "public"."track_records" USING btree (
  "snap_time" "pg_catalog"."timestamptz_ops" DESC NULLS FIRST
);

-- ----------------------------
-- Primary Key structure for table track_records
-- ----------------------------
ALTER TABLE "public"."track_records" ADD CONSTRAINT "track_records_pkey" PRIMARY KEY ("id");

-- ----------------------------
-- Foreign Keys structure for table camera_mapping
-- ----------------------------
ALTER TABLE "public"."camera_mapping" ADD CONSTRAINT "camera_mapping_face_camera_id_fkey" FOREIGN KEY ("face_camera_id") REFERENCES "public"."face_cameras" ("id") ON DELETE CASCADE ON UPDATE NO ACTION;
ALTER TABLE "public"."camera_mapping" ADD CONSTRAINT "camera_mapping_record_camera_id_fkey" FOREIGN KEY ("record_camera_id") REFERENCES "public"."record_cameras" ("id") ON DELETE CASCADE ON UPDATE NO ACTION;
